MACHINE BRAND,MACHINE MODEL,MACHINE TYPE,MARKET TYPE,ENGINE BRAND,ENGINE MODEL,Piston Mamked # ,Piston Part #s,OH Kit,ENGINE CODE,DESCRIPTION,PART #,QTY PER ENGINE,ACTIVE?,NOTES
TEKSAN,TJ25PE6S,GENERATOR,INDUSTRIAL,PERKINS,404D-22G,,,POK464,,OVERHAUL KIT ,POK464,1.0,Y,"GN, GV, NON-TURBO, 3 LAYER MLS HEAD GASKET"
TEREX,PT-100G,COMPTRACKLOADER,CONSTRUCTION,PERKINS,1104C-44T,,,POK486,,OVERHAUL KIT ,POK486,1.0,Y,"RG, RH, TURBO, NO PTO DRIVE IN FRONT COVER"
TEREX,PT-100G,COMPTRACKLOADER,CONSTRUCTION,PERKINS,1104C-44T,,,POK491,,OVERHAUL KIT ,POK491,1.0,Y,"RG, RH, TURBO, PTO DRIVE IN FRONT COVER"
TEREX,PT-50,POSI-TRACKLOADER,CONSTRUCTION,PERKINS,404A-22,,,POK464,,OVERHAUL KIT ,POK464,1.0,Y,"GV, GN, NATURALLY ASPIRATED"
TEREX,TSR-50,SKIDSTEER,CONSTRUCTION,PERKINS,404A-22,,,POK464,,OVERHAUL KIT ,POK464,1.0,Y,"GV, GN, NATURALLY ASPIRATED"
TEREX,TSV-50,SKIDSTEER,CONSTRUCTION,PERKINS,404A-22,,,POK464,,OVERHAUL KIT ,POK464,1.0,Y,"GV, GN, NATURALLY ASPIRATED"
TEREX,PT-60,POSI-TRACKLOADER,CONSTRUCTION,PERKINS,404D-22T,,,POK466,,OVERHAUL KIT ,POK466,1.0,Y,"GP BUILD, TURBO"
TEREX,TSR-60,SKIDSTEER,CONSTRUCTION,PERKINS,404D-22T,,,POK466,,OVERHAUL KIT ,POK466,1.0,Y,"GP BUILD, TURBO"
TEREX,TSV-60,SKIDSTEER,CONSTRUCTION,PERKINS,404D-22T,,,POK466,,OVERHAUL KIT ,POK466,1.0,Y,"GP BUILD, TURBO"
TEREX,PT-50,POSI-TRACKLOADER,CONSTRUCTION,PERKINS,404F-22T,,,POK522,,OVERHAUL KIT ,POK522,1.0,Y,"EP BUILD, TURBOCHARGED"
TEREX,TSR-50,SKIDSTEER,CONSTRUCTION,PERKINS,404F-22T,,,POK522,,OVERHAUL KIT ,POK522,1.0,Y,"EP BUILD, TURBOCHARGED"
TEREX,TSV-50,SKIDSTEER,CONSTRUCTION,PERKINS,404F-22T,,,POK522,,OVERHAUL KIT ,POK522,1.0,Y,"EP BUILD, TURBOCHARGED"
TEREX,TC50,EXCAVATOR,CONSTRUCTION,YANMAR,4TNV88,,,YOK4TNV88,4TNV88-BSTX,OVERHAUL KIT ,YOK4TNV88,1.0,Y,
TEREX,TW70,EXCAVATOR,CONSTRUCTION,YANMAR,4TNV98,,,YOK4TNV98D,4TNV98-ZPTX,OVERHAUL KIT ,YOK4TNV98D,1.0,Y,
TEREX,TC85,EXCAVATOR,CONSTRUCTION,YANMAR,4TNV98T,,,YOK4TNV98T,4TNV98T-STXC,OVERHAUL KIT ,YOK4TNV98T,1.0,Y,
TEREX,CR452,ASPHALT PAVER,CONSTRUCTION,CUMMINS,6BT 5.9,,,COK9461/6,,OVERHAUL KIT ,COK9461/6,1.0,Y,"QSB, TURBO OR TURBO & AFTERCOOLED, EMISSION CERTIFIED,PISTON # 7416, 7417, 7418"
TEREX,CR462,ASPHALT PAVER,CONSTRUCTION,CUMMINS,6BT 5.9,,,COK9461/6,,OVERHAUL KIT ,COK9461/6,1.0,Y,"QSB, TURBO OR TURBO & AFTERCOOLED, EMISSION CERTIFIED,PISTON # 7416, 7417, 7418"
TEREX,CR462S,ASPHALT PAVER,CONSTRUCTION,CUMMINS,6BT 5.9,,,COK9461/6,,OVERHAUL KIT ,COK9461/6,1.0,Y,"QSB, TURBO OR TURBO & AFTERCOOLED, EMISSION CERTIFIED,PISTON # 7416, 7417, 7418"
TEREX,CR472,ASPHALT PAVER,CONSTRUCTION,CUMMINS,6BT 5.9,,,COK9461/6,,OVERHAUL KIT ,COK9461/6,1.0,Y,"QSB, TURBO OR TURBO & AFTERCOOLED, EMISSION CERTIFIED,PISTON # 7416, 7417, 7418"
TEREX,CR552,ASPHALT PAVER,CONSTRUCTION,CUMMINS,6BT 5.9,,,COK9461/6,,OVERHAUL KIT ,COK9461/6,1.0,Y,"QSB, TURBO OR TURBO & AFTERCOOLED, EMISSION CERTIFIED,PISTON # 7416, 7417, 7418"
TEREX,CR552RX,ASPHALT PAVER,CONSTRUCTION,CUMMINS,6BT 5.9,,,COK9461/6,,OVERHAUL KIT ,COK9461/6,1.0,Y,"QSB, TURBO OR TURBO & AFTERCOOLED, EMISSION CERTIFIED,PISTON # 7416, 7417, 7418"
TEREX,CR562,ASPHALT PAVER,CONSTRUCTION,CUMMINS,6BT 5.9,,,COK9461/6,,OVERHAUL KIT ,COK9461/6,1.0,Y,"QSB, TURBO OR TURBO & AFTERCOOLED, EMISSION CERTIFIED,PISTON # 7416, 7417, 7418"
TEREX,CR562RX,ASPHALT PAVER,CONSTRUCTION,CUMMINS,6BT 5.9,,,COK9461/6,,OVERHAUL KIT ,COK9461/6,1.0,Y,"QSB, TURBO OR TURBO & AFTERCOOLED, EMISSION CERTIFIED,PISTON # 7416, 7417, 7418"
TEREX,CR562S,ASPHALT PAVER,CONSTRUCTION,CUMMINS,6BT 5.9,,,COK9461/6,,OVERHAUL KIT ,COK9461/6,1.0,Y,"QSB, TURBO OR TURBO & AFTERCOOLED, EMISSION CERTIFIED,PISTON # 7416, 7417, 7418"
TEREX,VDA 600,ASPHALT PAVER,CONSTRUCTION,CUMMINS,6BT 5.9,,,COK2562/6,,OVERHAUL KIT ,COK2562/6,1.0,Y,"TURBO, IN-LINE INJECTION PUMP, PISTON # 6632, 6634, 6635"
TEREX,VDA 600,ASPHALT PAVER,CONSTRUCTION,CUMMINS,6BT 5.9,,,COK1400/6,,OVERHAUL KIT ,COK1400/6,1.0,Y,"TURBO, NON-EMISSION, PISTON # 1400, 2049, 2050"
TEREX,VDA 600,ASPHALT PAVER,CONSTRUCTION,CUMMINS,6BT 5.9,,,COK2160/6,,OVERHAUL KIT ,COK2160/6,1.0,Y,"TURBO, ROTARY  PUMP, NON-EMISSION, PISTON # 7163, 8815, 8816"
TEREX,VDA 621,ASPHALT PAVER,CONSTRUCTION,CUMMINS,6BT 5.9,,,COK2562/6,,OVERHAUL KIT ,COK2562/6,1.0,Y,"TURBO, IN-LINE INJECTION PUMP, PISTON # 6632, 6634, 6635"
TEREX,VDA 621,ASPHALT PAVER,CONSTRUCTION,CUMMINS,6BT 5.9,,,COK1400/6,,OVERHAUL KIT ,COK1400/6,1.0,Y,"TURBO, NON-EMISSION, PISTON # 1400, 2049, 2050"
TEREX,VDA 621,ASPHALT PAVER,CONSTRUCTION,CUMMINS,6BT 5.9,,,COK2160/6,,OVERHAUL KIT ,COK2160/6,1.0,Y,"TURBO, ROTARY  PUMP, NON-EMISSION, PISTON # 7163, 8815, 8816"
TEREX,VDA 700,ASPHALT PAVER,CONSTRUCTION,CUMMINS,6BT 5.9,,,COK2562/6,,OVERHAUL KIT ,COK2562/6,1.0,Y,"TURBO, IN-LINE INJECTION PUMP, PISTON # 6632, 6634, 6635"
TEREX,VDA 700,ASPHALT PAVER,CONSTRUCTION,CUMMINS,6BT 5.9,,,COK1400/6,,OVERHAUL KIT ,COK1400/6,1.0,Y,"TURBO, NON-EMISSION, PISTON # 1400, 2049, 2050"
TEREX,VDA 700,ASPHALT PAVER,CONSTRUCTION,CUMMINS,6BT 5.9,,,COK2160/6,,OVERHAUL KIT ,COK2160/6,1.0,Y,"TURBO, ROTARY  PUMP, NON-EMISSION, PISTON # 7163, 8815, 8816"
TEREX,VDA 721,ASPHALT PAVER,CONSTRUCTION,CUMMINS,6BT 5.9,,,COK1400/6,,OVERHAUL KIT ,COK1400/6,1.0,Y,"TURBO, NON-EMISSION, PISTON # 1400, 2049, 2050"
THOMAS,T175,COMPACT TRACK LOADER,CONSTRUCTION,KUBOTA,V2003,,,,V2003-T / V2003-T-EB,"BOLT, CON ROD, 03 SERIES",K1J700-22140,8.0,Y,
THOMAS,T175,COMPACT TRACK LOADER,CONSTRUCTION,KUBOTA,V2003,,,,V2003-T / V2003-T-EB,"BRG, CON ROD, .20MM, 03 SERIES",K17311-22970,4.0,Y,
THOMAS,T175,COMPACT TRACK LOADER,CONSTRUCTION,KUBOTA,V2003,,,,V2003-T / V2003-T-EB,"BRG, CON ROD, .40MM, 03 SERIES",K17311-22980,4.0,Y,
THOMAS,T175,COMPACT TRACK LOADER,CONSTRUCTION,KUBOTA,V2003,,,,V2003-T / V2003-T-EB,"BRG, CON ROD, STD, 03 SERIES",K17311-22310,4.0,Y,
THOMAS,T175,COMPACT TRACK LOADER,CONSTRUCTION,KUBOTA,V2003,,,,V2003-T / V2003-T-EB,"BRG, MAIN, .20MM, 02/03 SERIES SMALL JOURNAL",K17311-23930,4.0,Y,FOR CRANKSHAFTS WITH 52MM MAIN JOURNALS
THOMAS,T175,COMPACT TRACK LOADER,CONSTRUCTION,KUBOTA,V2003,,,,V2003-T / V2003-T-EB,"BRG, MAIN, .40MM, 02/03 SERIES SMALL JOURNAL",K17311-23940,4.0,Y,FOR CRANKSHAFTS WITH 52MM MAIN JOURNALS
THOMAS,T175,COMPACT TRACK LOADER,CONSTRUCTION,KUBOTA,V2003,,,,V2003-T / V2003-T-EB,"BRG, MAIN, STD, 02/03 SERIES SMALL JOURNAL",K17311-23480,4.0,Y,FOR CRANKSHAFTS WITH 52MM MAIN JOURNALS
THOMAS,T175,COMPACT TRACK LOADER,CONSTRUCTION,KUBOTA,V2003,,,,V2003-T / V2003-T-EB,"BUSHING, CON ROD, 03 SERIES",K17331-21980,4.0,Y,
THOMAS,T175,COMPACT TRACK LOADER,CONSTRUCTION,KUBOTA,V2003,,,,V2003-T / V2003-T-EB,"CON ROD, 03 SERIES",K17311-22010,4.0,Y,
THOMAS,T175,COMPACT TRACK LOADER,CONSTRUCTION,KUBOTA,V2003,,,,V2003-T / V2003-T-EB,"CRANKSHAFT SLEEVE, REAR, 03 SERIES",K19202-23280,1.0,Y,
THOMAS,T175,COMPACT TRACK LOADER,CONSTRUCTION,KUBOTA,V2003,,,,V2003-T / V2003-T-EB,"EXHAUST VALVE, 03 SERIES IDI",K16484-13120,4.0,Y,
THOMAS,T175,COMPACT TRACK LOADER,CONSTRUCTION,KUBOTA,V2003,,,,V2003-T / V2003-T-EB,"EXHAUST VALVE, 03 SERIES IDI",K16484-13120,4.0,Y,
THOMAS,T175,COMPACT TRACK LOADER,CONSTRUCTION,KUBOTA,V2003,,,,V2003-T / V2003-T-EB,"FRONT CRANK BUSHING, .40MM, 02/03 SERIES SMALL JOURNAL",K17311-23920,1.0,Y,
THOMAS,T175,COMPACT TRACK LOADER,CONSTRUCTION,KUBOTA,V2003,,,,V2003-T / V2003-T-EB,FRONT CRANK COLLAR,K19202-23250,1.0,Y,
THOMAS,T175,COMPACT TRACK LOADER,CONSTRUCTION,KUBOTA,V2003,,,,V2003-T / V2003-T-EB,"GASKET, WATER PUMP, V2003/V2203",K15766-73430,1.0,Y,
THOMAS,T175,COMPACT TRACK LOADER,CONSTRUCTION,KUBOTA,V2003,,,,V2003-T / V2003-T-EB,"HEAD GASKET SET, V2003T IDI",K1G970-99350,1.0,Y,
THOMAS,T175,COMPACT TRACK LOADER,CONSTRUCTION,KUBOTA,V2003,,,,V2003-T / V2003-T-EB,"INJECTOR, FUEL, IDI, V2003/2203/2403 IDI",K16419-53900,4.0,Y,
THOMAS,T175,COMPACT TRACK LOADER,CONSTRUCTION,KUBOTA,V2003,,,,V2003-T / V2003-T-EB,"INJECTOR, FUEL, IDI, V2003/2203/2403 IDI",K16454-53900,4.0,Y,
THOMAS,T175,COMPACT TRACK LOADER,CONSTRUCTION,KUBOTA,V2003,,,,V2003-T / V2003-T-EB,"INTAKE VALVE, 03 SERIES IDI",K16484-13110,4.0,Y,
THOMAS,T175,COMPACT TRACK LOADER,CONSTRUCTION,KUBOTA,V2003,,,,V2003-T / V2003-T-EB,"INTAKE VALVE, 03 SERIES IDI",K16484-13110,4.0,Y,
THOMAS,T175,COMPACT TRACK LOADER,CONSTRUCTION,KUBOTA,V2003,,K16483-21780,,V2003-T / V2003-T-EB,"KIT, PISTON & RINGS, 0.50MM, V2003T IDI",K16483-21780,4.0,Y,
THOMAS,T175,COMPACT TRACK LOADER,CONSTRUCTION,KUBOTA,V2003,,K16483-21770,,V2003-T / V2003-T-EB,"KIT, PISTON & RINGS, STD, V2003T IDI",K16483-21770,4.0,Y,
THOMAS,T175,COMPACT TRACK LOADER,CONSTRUCTION,KUBOTA,V2003,,,,V2003-T / V2003-T-EB,"LOWER GASKET SET, V2003T IDI",K1G974-99362,1.0,Y,
THOMAS,T175,COMPACT TRACK LOADER,CONSTRUCTION,KUBOTA,V2003,,,KV2003TN,V2003-T / V2003-T-EB,OVERHAUL KIT,KV2003TN,1.0,Y,INCLUDES MAIN BEARINGS FOR 52MM MAIN JOURNALS
THOMAS,T175,COMPACT TRACK LOADER,CONSTRUCTION,KUBOTA,V2003,,,KV2003TN/50,V2003-T / V2003-T-EB,OVERHAUL KIT,KV2003TN/50,1.0,Y,
THOMAS,T175,COMPACT TRACK LOADER,CONSTRUCTION,KUBOTA,V2003,,,,V2003-T / V2003-T-EB,"PLUG, GLOW, V2003/V2203 IDI",K19077-65510,4.0,Y,
THOMAS,T175,COMPACT TRACK LOADER,CONSTRUCTION,KUBOTA,V2003,,,,V2003-T / V2003-T-EB,"PUMP, FUEL TRANSFER, V2003/V2203/V2403",K17121-52030,1.0,Y,
THOMAS,T175,COMPACT TRACK LOADER,CONSTRUCTION,KUBOTA,V2003,,,,V2003-T / V2003-T-EB,"PUMP, OIL, 02/03 SERIES",K15471-35013,1.0,Y,
THOMAS,T175,COMPACT TRACK LOADER,CONSTRUCTION,KUBOTA,V2003,,,,V2003-T / V2003-T-EB,"RING SET, 0.50MM, V2003T IDI",K1G610-21090,4.0,Y,
THOMAS,T175,COMPACT TRACK LOADER,CONSTRUCTION,KUBOTA,V2003,,,,V2003-T / V2003-T-EB,"RING SET, STD, V2003T IDI",K1G610-21050,4.0,Y,
THOMAS,T175,COMPACT TRACK LOADER,CONSTRUCTION,KUBOTA,V2003,,,,V2003-T / V2003-T-EB,"THRUST WASHER SET, .20MM, 02/03 SERIES SMALL JOURNAL",K15521-23950/70,1.0,Y,SET OF 2 PAIRS
THOMAS,T175,COMPACT TRACK LOADER,CONSTRUCTION,KUBOTA,V2003,,,,V2003-T / V2003-T-EB,"THRUST WASHER SET, .40MM, 02/03 SERIES SMALL JOURNAL",K15521-23960/80,1.0,Y,SET OF 2 PAIRS
THOMAS,T175,COMPACT TRACK LOADER,CONSTRUCTION,KUBOTA,V2003,,,,V2003-T / V2003-T-EB,"THRUST WASHER SET, STD, 02/03 SERIES SMALL JOURNAL",K15521-23530/40,1.0,Y,SET OF 2 PAIRS
THOMAS,T175,COMPACT TRACK LOADER,CONSTRUCTION,KUBOTA,V2003,,,,V2003-T / V2003-T-EB,"VALVE GUIDE, EXHAUST, 03 SERIES",K17321-13560,4.0,Y,
THOMAS,T175,COMPACT TRACK LOADER,CONSTRUCTION,KUBOTA,V2003,,,,V2003-T / V2003-T-EB,"VALVE GUIDE, INTAKE, 03 SERIES",K17321-13580,4.0,Y,
THOMAS,T175,COMPACT TRACK LOADER,CONSTRUCTION,KUBOTA,V2003,,,,V2003-T / V2003-T-EB,"VALVE KEEPER, 03 SERIES",K15221-13980,16.0,Y,
THOMAS,T175,COMPACT TRACK LOADER,CONSTRUCTION,KUBOTA,V2003,,,,V2003-T / V2003-T-EB,"VALVE SEAL, 03 SERIES",K15221-13153,8.0,Y,
THOMAS,T175,COMPACT TRACK LOADER,CONSTRUCTION,KUBOTA,V2003,,,,V2003-T / V2003-T-EB,"VALVE SPRING, 03 SERIES",K15221-13240,8.0,Y,
THOMAS,T185,SKID STEER,CONSTRUCTION,KUBOTA,V2003,,,,V2003-T-EBB / V2003-T-BG / V2003-T-E2B / V2003-T-E2BG,"BOLT, CON ROD, 03 SERIES",K1J700-22140,8.0,Y,
THOMAS,T185,SKID STEER,CONSTRUCTION,KUBOTA,V2003,,,,V2003-T-EBB / V2003-T-BG / V2003-T-E2B / V2003-T-E2BG,"BRG, CON ROD, .20MM, 03 SERIES",K17311-22970,4.0,Y,
THOMAS,T185,SKID STEER,CONSTRUCTION,KUBOTA,V2003,,,,V2003-T-EBB / V2003-T-BG / V2003-T-E2B / V2003-T-E2BG,"BRG, CON ROD, .40MM, 03 SERIES",K17311-22980,4.0,Y,
THOMAS,T185,SKID STEER,CONSTRUCTION,KUBOTA,V2003,,,,V2003-T-EBB / V2003-T-BG / V2003-T-E2B / V2003-T-E2BG,"BRG, CON ROD, STD, 03 SERIES",K17311-22310,4.0,Y,
THOMAS,T185,SKID STEER,CONSTRUCTION,KUBOTA,V2003,,,,V2003-T-EBB / V2003-T-BG / V2003-T-E2B / V2003-T-E2BG,"BRG, MAIN, .20MM, 03 SERIES LARGE JOURNAL",K1A091-23930,4.0,Y,FOR CRANKSHAFTS WITH 60MM MAIN JOURNALS
THOMAS,T185,SKID STEER,CONSTRUCTION,KUBOTA,V2003,,,,V2003-T-EBB / V2003-T-BG / V2003-T-E2B / V2003-T-E2BG,"BRG, MAIN, .40MM, 03 SERIES LARGE JOURNAL",K1A091-23940,4.0,Y,FOR CRANKSHAFTS WITH 60MM MAIN JOURNALS
THOMAS,T185,SKID STEER,CONSTRUCTION,KUBOTA,V2003,,,,V2003-T-EBB / V2003-T-BG / V2003-T-E2B / V2003-T-E2BG,"BRG, MAIN, STD, 03 SERIES LARGE JOURNAL",K1A091-23480,4.0,Y,FOR CRANKSHAFTS WITH 60MM MAIN JOURNALS
THOMAS,T185,SKID STEER,CONSTRUCTION,KUBOTA,V2003,,,,V2003-T-EBB / V2003-T-BG / V2003-T-E2B / V2003-T-E2BG,"BUSHING, CON ROD, 03 SERIES",K17331-21980,4.0,Y,
THOMAS,T185,SKID STEER,CONSTRUCTION,KUBOTA,V2003,,,,V2003-T-EBB / V2003-T-BG / V2003-T-E2B / V2003-T-E2BG,"CON ROD, 03 SERIES",K17311-22010,4.0,Y,
THOMAS,T185,SKID STEER,CONSTRUCTION,KUBOTA,V2003,,,,V2003-T-EBB / V2003-T-BG / V2003-T-E2B / V2003-T-E2BG,"CRANKSHAFT SLEEVE, REAR, 03 SERIES",K19202-23280,1.0,Y,
THOMAS,T185,SKID STEER,CONSTRUCTION,KUBOTA,V2003,,,,V2003-T-EBB / V2003-T-BG / V2003-T-E2B / V2003-T-E2BG,"CRANKSHAFT, V03 SERIES, 60MM MAINS",K16641-23020,1.0,Y,
THOMAS,T185,SKID STEER,CONSTRUCTION,KUBOTA,V2003,,,,V2003-T-EBB / V2003-T-BG / V2003-T-E2B / V2003-T-E2BG,"EXHAUST VALVE, 03 SERIES IDI",K16484-13120,4.0,Y,
THOMAS,T185,SKID STEER,CONSTRUCTION,KUBOTA,V2003,,,,V2003-T-EBB / V2003-T-BG / V2003-T-E2B / V2003-T-E2BG,"EXHAUST VALVE, 03 SERIES IDI",K16484-13120,4.0,Y,
THOMAS,T185,SKID STEER,CONSTRUCTION,KUBOTA,V2003,,,,V2003-T-EBB / V2003-T-BG / V2003-T-E2B / V2003-T-E2BG,"FRONT CRANK BUSHING, .20MM, 03 SERIES LARGE JOURNAL",K1A091-23910,1.0,Y,
THOMAS,T185,SKID STEER,CONSTRUCTION,KUBOTA,V2003,,,,V2003-T-EBB / V2003-T-BG / V2003-T-E2B / V2003-T-E2BG,"FRONT CRANK BUSHING, .40MM, 03 SERIES LARGE JOURNAL",K1A091-23920,1.0,Y,
THOMAS,T185,SKID STEER,CONSTRUCTION,KUBOTA,V2003,,,,V2003-T-EBB / V2003-T-BG / V2003-T-E2B / V2003-T-E2BG,"FRONT CRANK BUSHING, STD, 03 SERIES LARGE JOURNAL",K1A091-23470,1.0,Y,
THOMAS,T185,SKID STEER,CONSTRUCTION,KUBOTA,V2003,,,,V2003-T-EBB / V2003-T-BG / V2003-T-E2B / V2003-T-E2BG,FRONT CRANK COLLAR,K19202-23250,1.0,Y,
THOMAS,T185,SKID STEER,CONSTRUCTION,KUBOTA,V2003,,,,V2003-T-EBB / V2003-T-BG / V2003-T-E2B / V2003-T-E2BG,"GASKET, WATER PUMP, V2003/V2203",K15766-73430,1.0,Y,
THOMAS,T185,SKID STEER,CONSTRUCTION,KUBOTA,V2003,,,,V2003-T-EBB / V2003-T-BG / V2003-T-E2B / V2003-T-E2BG,"HEAD GASKET SET, V2003T IDI",K1G970-99350,1.0,Y,
THOMAS,T185,SKID STEER,CONSTRUCTION,KUBOTA,V2003,,,,V2003-T-EBB / V2003-T-BG / V2003-T-E2B / V2003-T-E2BG,"INJECTOR, FUEL, IDI, V2003/2203/2403 IDI",K16419-53900,4.0,Y,
THOMAS,T185,SKID STEER,CONSTRUCTION,KUBOTA,V2003,,,,V2003-T-EBB / V2003-T-BG / V2003-T-E2B / V2003-T-E2BG,"INJECTOR, FUEL, IDI, V2003/2203/2403 IDI",K16454-53900,4.0,Y,
THOMAS,T185,SKID STEER,CONSTRUCTION,KUBOTA,V2003,,,,V2003-T-EBB / V2003-T-BG / V2003-T-E2B / V2003-T-E2BG,"INTAKE VALVE, 03 SERIES IDI",K16484-13110,4.0,Y,
THOMAS,T185,SKID STEER,CONSTRUCTION,KUBOTA,V2003,,,,V2003-T-EBB / V2003-T-BG / V2003-T-E2B / V2003-T-E2BG,"INTAKE VALVE, 03 SERIES IDI",K16484-13110,4.0,Y,
THOMAS,T185,SKID STEER,CONSTRUCTION,KUBOTA,V2003,,K16483-21780,,V2003-T-EBB / V2003-T-BG / V2003-T-E2B / V2003-T-E2BG,"KIT, PISTON & RINGS, 0.50MM, V2003T IDI",K16483-21780,4.0,Y,
THOMAS,T185,SKID STEER,CONSTRUCTION,KUBOTA,V2003,,K16483-21770,,V2003-T-EBB / V2003-T-BG / V2003-T-E2B / V2003-T-E2BG,"KIT, PISTON & RINGS, STD, V2003T IDI",K16483-21770,4.0,Y,
THOMAS,T185,SKID STEER,CONSTRUCTION,KUBOTA,V2003,,,,V2003-T-EBB / V2003-T-BG / V2003-T-E2B / V2003-T-E2BG,"LOWER GASKET SET, 03 SERIES",K1G486-99360,1.0,Y,INCLUDES CRANK SEALS
THOMAS,T185,SKID STEER,CONSTRUCTION,KUBOTA,V2003,,,,V2003-T-EBB / V2003-T-BG / V2003-T-E2B / V2003-T-E2BG,"LOWER GASKET SET, V2003T IDI",K1G974-99362,1.0,Y,
THOMAS,T185,SKID STEER,CONSTRUCTION,KUBOTA,V2003,,,KV2003TW,V2003-T-EBB / V2003-T-BG / V2003-T-E2B / V2003-T-E2BG,OVERHAUL KIT,KV2003TW,1.0,Y,INCLUDES MAIN BEARINGS FOR 60MM MAIN JOURNALS
THOMAS,T185,SKID STEER,CONSTRUCTION,KUBOTA,V2003,,,KV2003TW/50,V2003-T-EBB / V2003-T-BG / V2003-T-E2B / V2003-T-E2BG,OVERHAUL KIT,KV2003TW/50,1.0,Y,
THOMAS,T185,SKID STEER,CONSTRUCTION,KUBOTA,V2003,,,,V2003-T-EBB / V2003-T-BG / V2003-T-E2B / V2003-T-E2BG,"PUMP, FUEL TRANSFER, V2003/V2203/V2403",K17121-52030,1.0,Y,
THOMAS,T185,SKID STEER,CONSTRUCTION,KUBOTA,V2003,,,,V2003-T-EBB / V2003-T-BG / V2003-T-E2B / V2003-T-E2BG,"PUMP, OIL, 02/03 SERIES",K15471-35013,1.0,Y,
THOMAS,T185,SKID STEER,CONSTRUCTION,KUBOTA,V2003,,,,V2003-T-EBB / V2003-T-BG / V2003-T-E2B / V2003-T-E2BG,"RING SET, 0.50MM, V2003T IDI",K1G610-21090,4.0,Y,
THOMAS,T185,SKID STEER,CONSTRUCTION,KUBOTA,V2003,,,,V2003-T-EBB / V2003-T-BG / V2003-T-E2B / V2003-T-E2BG,"RING SET, STD, V2003T IDI",K1G610-21050,4.0,Y,
THOMAS,T185,SKID STEER,CONSTRUCTION,KUBOTA,V2003,,,,V2003-T-EBB / V2003-T-BG / V2003-T-E2B / V2003-T-E2BG,"THRUST WASHER SET, .20MM, 03 SERIES LARGE JOURNAL",K1A091-23950/70,1.0,Y,
THOMAS,T185,SKID STEER,CONSTRUCTION,KUBOTA,V2003,,,,V2003-T-EBB / V2003-T-BG / V2003-T-E2B / V2003-T-E2BG,"THRUST WASHER SET, .40MM, 03 SERIES LARGE JOURNAL",K1A091-23960/80,1.0,Y,
THOMAS,T185,SKID STEER,CONSTRUCTION,KUBOTA,V2003,,,,V2003-T-EBB / V2003-T-BG / V2003-T-E2B / V2003-T-E2BG,"THRUST WASHER SET, STD, 03 SERIES LARGE JOURNAL",K1A091-23530/40,1.0,Y,
THOMAS,T185,SKID STEER,CONSTRUCTION,KUBOTA,V2003,,,,V2003-T-EBB / V2003-T-BG / V2003-T-E2B / V2003-T-E2BG,"VALVE GUIDE, EXHAUST, 03 SERIES",K17321-13560,4.0,Y,
THOMAS,T185,SKID STEER,CONSTRUCTION,KUBOTA,V2003,,,,V2003-T-EBB / V2003-T-BG / V2003-T-E2B / V2003-T-E2BG,"VALVE GUIDE, INTAKE, 03 SERIES",K17321-13580,4.0,Y,
THOMAS,T185,SKID STEER,CONSTRUCTION,KUBOTA,V2003,,,,V2003-T-EBB / V2003-T-BG / V2003-T-E2B / V2003-T-E2BG,"VALVE KEEPER, 03 SERIES",K15221-13980,16.0,Y,
THOMAS,T185,SKID STEER,CONSTRUCTION,KUBOTA,V2003,,,,V2003-T-EBB / V2003-T-BG / V2003-T-E2B / V2003-T-E2BG,"VALVE SEAL, 03 SERIES",K15221-13153,8.0,Y,
THOMAS,T185,SKID STEER,CONSTRUCTION,KUBOTA,V2003,,,,V2003-T-EBB / V2003-T-BG / V2003-T-E2B / V2003-T-E2BG,"VALVE SPRING, 03 SERIES",K15221-13240,8.0,Y,
THOMAS,T185,SKID STEER,CONSTRUCTION,KUBOTA,V2003,,,,V2003-T-EBB / V2003-T-BG / V2003-T-E2B / V2003-T-E2BG,"VALVE, EXHAUST 17111-13120",K1G852-13122,4.0,Y,
THOMAS,T205,SKID STEER,CONSTRUCTION,KUBOTA,V2003,,,,V2003-T-EBB / V2003-T-BG / V2003-T-E2B / V2003-T-E2BG,"BOLT, CON ROD, 03 SERIES",K1J700-22140,8.0,Y,
THOMAS,T205,SKID STEER,CONSTRUCTION,KUBOTA,V2003,,,,V2003-T-EBB / V2003-T-BG / V2003-T-E2B / V2003-T-E2BG,"BRG, CON ROD, .20MM, 03 SERIES",K17311-22970,4.0,Y,
THOMAS,T205,SKID STEER,CONSTRUCTION,KUBOTA,V2003,,,,V2003-T-EBB / V2003-T-BG / V2003-T-E2B / V2003-T-E2BG,"BRG, CON ROD, .40MM, 03 SERIES",K17311-22980,4.0,Y,
THOMAS,T205,SKID STEER,CONSTRUCTION,KUBOTA,V2003,,,,V2003-T-EBB / V2003-T-BG / V2003-T-E2B / V2003-T-E2BG,"BRG, CON ROD, STD, 03 SERIES",K17311-22310,4.0,Y,
THOMAS,T205,SKID STEER,CONSTRUCTION,KUBOTA,V2003,,,,V2003-T-EBB / V2003-T-BG / V2003-T-E2B / V2003-T-E2BG,"BRG, MAIN, .20MM, 03 SERIES LARGE JOURNAL",K1A091-23930,4.0,Y,FOR CRANKSHAFTS WITH 60MM MAIN JOURNALS
THOMAS,T205,SKID STEER,CONSTRUCTION,KUBOTA,V2003,,,,V2003-T-EBB / V2003-T-BG / V2003-T-E2B / V2003-T-E2BG,"BRG, MAIN, .40MM, 03 SERIES LARGE JOURNAL",K1A091-23940,4.0,Y,FOR CRANKSHAFTS WITH 60MM MAIN JOURNALS
THOMAS,T205,SKID STEER,CONSTRUCTION,KUBOTA,V2003,,,,V2003-T-EBB / V2003-T-BG / V2003-T-E2B / V2003-T-E2BG,"BRG, MAIN, STD, 03 SERIES LARGE JOURNAL",K1A091-23480,4.0,Y,FOR CRANKSHAFTS WITH 60MM MAIN JOURNALS
THOMAS,T205,SKID STEER,CONSTRUCTION,KUBOTA,V2003,,,,V2003-T-EBB / V2003-T-BG / V2003-T-E2B / V2003-T-E2BG,"BUSHING, CON ROD, 03 SERIES",K17331-21980,4.0,Y,
THOMAS,T205,SKID STEER,CONSTRUCTION,KUBOTA,V2003,,,,V2003-T-EBB / V2003-T-BG / V2003-T-E2B / V2003-T-E2BG,"CON ROD, 03 SERIES",K17311-22010,4.0,Y,
THOMAS,T205,SKID STEER,CONSTRUCTION,KUBOTA,V2003,,,,V2003-T-EBB / V2003-T-BG / V2003-T-E2B / V2003-T-E2BG,"CRANKSHAFT SLEEVE, REAR, 03 SERIES",K19202-23280,1.0,Y,
THOMAS,T205,SKID STEER,CONSTRUCTION,KUBOTA,V2003,,,,V2003-T-EBB / V2003-T-BG / V2003-T-E2B / V2003-T-E2BG,"CRANKSHAFT, V03 SERIES, 60MM MAINS",K16641-23020,1.0,Y,
THOMAS,T205,SKID STEER,CONSTRUCTION,KUBOTA,V2003,,,,V2003-T-EBB / V2003-T-BG / V2003-T-E2B / V2003-T-E2BG,"EXHAUST VALVE, 03 SERIES IDI",K16484-13120,4.0,Y,
THOMAS,T205,SKID STEER,CONSTRUCTION,KUBOTA,V2003,,,,V2003-T-EBB / V2003-T-BG / V2003-T-E2B / V2003-T-E2BG,"EXHAUST VALVE, 03 SERIES IDI",K16484-13120,4.0,Y,
THOMAS,T205,SKID STEER,CONSTRUCTION,KUBOTA,V2003,,,,V2003-T-EBB / V2003-T-BG / V2003-T-E2B / V2003-T-E2BG,"FRONT CRANK BUSHING, .20MM, 03 SERIES LARGE JOURNAL",K1A091-23910,1.0,Y,
THOMAS,T205,SKID STEER,CONSTRUCTION,KUBOTA,V2003,,,,V2003-T-EBB / V2003-T-BG / V2003-T-E2B / V2003-T-E2BG,"FRONT CRANK BUSHING, .40MM, 03 SERIES LARGE JOURNAL",K1A091-23920,1.0,Y,
THOMAS,T205,SKID STEER,CONSTRUCTION,KUBOTA,V2003,,,,V2003-T-EBB / V2003-T-BG / V2003-T-E2B / V2003-T-E2BG,"FRONT CRANK BUSHING, STD, 03 SERIES LARGE JOURNAL",K1A091-23470,1.0,Y,
THOMAS,T205,SKID STEER,CONSTRUCTION,KUBOTA,V2003,,,,V2003-T-EBB / V2003-T-BG / V2003-T-E2B / V2003-T-E2BG,FRONT CRANK COLLAR,K19202-23250,1.0,Y,
THOMAS,T205,SKID STEER,CONSTRUCTION,KUBOTA,V2003,,,,V2003-T-EBB / V2003-T-BG / V2003-T-E2B / V2003-T-E2BG,"GASKET, WATER PUMP, V2003/V2203",K15766-73430,1.0,Y,
THOMAS,T205,SKID STEER,CONSTRUCTION,KUBOTA,V2003,,,,V2003-T-EBB / V2003-T-BG / V2003-T-E2B / V2003-T-E2BG,"HEAD GASKET SET, V2003T IDI",K1G970-99350,1.0,Y,
THOMAS,T205,SKID STEER,CONSTRUCTION,KUBOTA,V2003,,,,V2003-T-EBB / V2003-T-BG / V2003-T-E2B / V2003-T-E2BG,"INJECTOR, FUEL, IDI, V2003/2203/2403 IDI",K16419-53900,4.0,Y,
THOMAS,T205,SKID STEER,CONSTRUCTION,KUBOTA,V2003,,,,V2003-T-EBB / V2003-T-BG / V2003-T-E2B / V2003-T-E2BG,"INJECTOR, FUEL, IDI, V2003/2203/2403 IDI",K16454-53900,4.0,Y,
THOMAS,T205,SKID STEER,CONSTRUCTION,KUBOTA,V2003,,,,V2003-T-EBB / V2003-T-BG / V2003-T-E2B / V2003-T-E2BG,"INTAKE VALVE, 03 SERIES IDI",K16484-13110,4.0,Y,
THOMAS,T205,SKID STEER,CONSTRUCTION,KUBOTA,V2003,,,,V2003-T-EBB / V2003-T-BG / V2003-T-E2B / V2003-T-E2BG,"INTAKE VALVE, 03 SERIES IDI",K16484-13110,4.0,Y,
THOMAS,T205,SKID STEER,CONSTRUCTION,KUBOTA,V2003,,K16483-21780,,V2003-T-EBB / V2003-T-BG / V2003-T-E2B / V2003-T-E2BG,"KIT, PISTON & RINGS, 0.50MM, V2003T IDI",K16483-21780,4.0,Y,
THOMAS,T205,SKID STEER,CONSTRUCTION,KUBOTA,V2003,,K16483-21770,,V2003-T-EBB / V2003-T-BG / V2003-T-E2B / V2003-T-E2BG,"KIT, PISTON & RINGS, STD, V2003T IDI",K16483-21770,4.0,Y,
THOMAS,T205,SKID STEER,CONSTRUCTION,KUBOTA,V2003,,,,V2003-T-EBB / V2003-T-BG / V2003-T-E2B / V2003-T-E2BG,"LOWER GASKET SET, 03 SERIES",K1G486-99360,1.0,Y,INCLUDES CRANK SEALS
THOMAS,T205,SKID STEER,CONSTRUCTION,KUBOTA,V2003,,,,V2003-T-EBB / V2003-T-BG / V2003-T-E2B / V2003-T-E2BG,"LOWER GASKET SET, V2003T IDI",K1G974-99362,1.0,Y,
THOMAS,T205,SKID STEER,CONSTRUCTION,KUBOTA,V2003,,,KV2003TW,V2003-T-EBB / V2003-T-BG / V2003-T-E2B / V2003-T-E2BG,OVERHAUL KIT,KV2003TW,1.0,Y,INCLUDES MAIN BEARINGS FOR 60MM MAIN JOURNALS
THOMAS,T205,SKID STEER,CONSTRUCTION,KUBOTA,V2003,,,KV2003TW/50,V2003-T-EBB / V2003-T-BG / V2003-T-E2B / V2003-T-E2BG,OVERHAUL KIT,KV2003TW/50,1.0,Y,
THOMAS,T205,SKID STEER,CONSTRUCTION,KUBOTA,V2003,,,,V2003-T-EBB / V2003-T-BG / V2003-T-E2B / V2003-T-E2BG,"PUMP, FUEL TRANSFER, V2003/V2203/V2403",K17121-52030,1.0,Y,
THOMAS,T205,SKID STEER,CONSTRUCTION,KUBOTA,V2003,,,,V2003-T-EBB / V2003-T-BG / V2003-T-E2B / V2003-T-E2BG,"PUMP, OIL, 02/03 SERIES",K15471-35013,1.0,Y,
THOMAS,T205,SKID STEER,CONSTRUCTION,KUBOTA,V2003,,,,V2003-T-EBB / V2003-T-BG / V2003-T-E2B / V2003-T-E2BG,"RING SET, 0.50MM, V2003T IDI",K1G610-21090,4.0,Y,
THOMAS,T205,SKID STEER,CONSTRUCTION,KUBOTA,V2003,,,,V2003-T-EBB / V2003-T-BG / V2003-T-E2B / V2003-T-E2BG,"RING SET, STD, V2003T IDI",K1G610-21050,4.0,Y,
THOMAS,T205,SKID STEER,CONSTRUCTION,KUBOTA,V2003,,,,V2003-T-EBB / V2003-T-BG / V2003-T-E2B / V2003-T-E2BG,"THRUST WASHER SET, .20MM, 03 SERIES LARGE JOURNAL",K1A091-23950/70,1.0,Y,
THOMAS,T205,SKID STEER,CONSTRUCTION,KUBOTA,V2003,,,,V2003-T-EBB / V2003-T-BG / V2003-T-E2B / V2003-T-E2BG,"THRUST WASHER SET, .40MM, 03 SERIES LARGE JOURNAL",K1A091-23960/80,1.0,Y,
THOMAS,T205,SKID STEER,CONSTRUCTION,KUBOTA,V2003,,,,V2003-T-EBB / V2003-T-BG / V2003-T-E2B / V2003-T-E2BG,"THRUST WASHER SET, STD, 03 SERIES LARGE JOURNAL",K1A091-23530/40,1.0,Y,
THOMAS,T205,SKID STEER,CONSTRUCTION,KUBOTA,V2003,,,,V2003-T-EBB / V2003-T-BG / V2003-T-E2B / V2003-T-E2BG,"VALVE GUIDE, EXHAUST, 03 SERIES",K17321-13560,4.0,Y,
THOMAS,T205,SKID STEER,CONSTRUCTION,KUBOTA,V2003,,,,V2003-T-EBB / V2003-T-BG / V2003-T-E2B / V2003-T-E2BG,"VALVE GUIDE, INTAKE, 03 SERIES",K17321-13580,4.0,Y,
THOMAS,T205,SKID STEER,CONSTRUCTION,KUBOTA,V2003,,,,V2003-T-EBB / V2003-T-BG / V2003-T-E2B / V2003-T-E2BG,"VALVE KEEPER, 03 SERIES",K15221-13980,16.0,Y,
THOMAS,T205,SKID STEER,CONSTRUCTION,KUBOTA,V2003,,,,V2003-T-EBB / V2003-T-BG / V2003-T-E2B / V2003-T-E2BG,"VALVE SEAL, 03 SERIES",K15221-13153,8.0,Y,
THOMAS,T205,SKID STEER,CONSTRUCTION,KUBOTA,V2003,,,,V2003-T-EBB / V2003-T-BG / V2003-T-E2B / V2003-T-E2BG,"VALVE SPRING, 03 SERIES",K15221-13240,8.0,Y,
THOMAS,T205,SKID STEER,CONSTRUCTION,KUBOTA,V2003,,,,V2003-T-EBB / V2003-T-BG / V2003-T-E2B / V2003-T-E2BG,"VALVE, EXHAUST 17111-13120",K1G852-13122,4.0,Y,
TIMBERJACK,230,SKIDDER,CONSTRUCTION,CUMMINS,4BT 3.9,,,COK2160/4,,OVERHAUL KIT ,COK2160/4,1.0,Y,"TURBO, ROTARY  PUMP, NON-EMISSION, PISTON # 7163, 8815, 8816"
TIMBERJACK,230,SKIDDER,CONSTRUCTION,CUMMINS,4BT 3.9,,,COK2562/4,,OVERHAUL KIT ,COK2562/4,1.0,Y,"TURBO, IN-LINE INJECTION PUMP, PISTON # 6632, 6634, 6635"
TIMBERJACK,230,SKIDDER,CONSTRUCTION,CUMMINS,4BT 3.9,,,COK2757/4,,OVERHAUL KIT ,COK2757/4,1.0,Y,"TURBO, IN-LINE INJECTION PUMP, PISTON # 0187, 0188, 0189"
TORO,GROUNDSMASTER 4100D,ROTARY MOWER,AGRICULTURE,KUBOTA,V2003,,,,V2003-T-EBB / V2003-T-BG / V2003-T-E2B / V2003-T-E2BG,"BOLT, CON ROD, 03 SERIES",K1J700-22140,8.0,Y,
TORO,GROUNDSMASTER 4100D,ROTARY MOWER,AGRICULTURE,KUBOTA,V2003,,,,V2003-T-EBB / V2003-T-BG / V2003-T-E2B / V2003-T-E2BG,"BRG, CON ROD, .20MM, 03 SERIES",K17311-22970,4.0,Y,
TORO,GROUNDSMASTER 4100D,ROTARY MOWER,AGRICULTURE,KUBOTA,V2003,,,,V2003-T-EBB / V2003-T-BG / V2003-T-E2B / V2003-T-E2BG,"BRG, CON ROD, .40MM, 03 SERIES",K17311-22980,4.0,Y,
TORO,GROUNDSMASTER 4100D,ROTARY MOWER,AGRICULTURE,KUBOTA,V2003,,,,V2003-T-EBB / V2003-T-BG / V2003-T-E2B / V2003-T-E2BG,"BRG, CON ROD, STD, 03 SERIES",K17311-22310,4.0,Y,
TORO,GROUNDSMASTER 4100D,ROTARY MOWER,AGRICULTURE,KUBOTA,V2003,,,,V2003-T-EBB / V2003-T-BG / V2003-T-E2B / V2003-T-E2BG,"BRG, MAIN, .20MM, 03 SERIES LARGE JOURNAL",K1A091-23930,4.0,Y,FOR CRANKSHAFTS WITH 60MM MAIN JOURNALS
TORO,GROUNDSMASTER 4100D,ROTARY MOWER,AGRICULTURE,KUBOTA,V2003,,,,V2003-T-EBB / V2003-T-BG / V2003-T-E2B / V2003-T-E2BG,"BRG, MAIN, .40MM, 03 SERIES LARGE JOURNAL",K1A091-23940,4.0,Y,FOR CRANKSHAFTS WITH 60MM MAIN JOURNALS
TORO,GROUNDSMASTER 4100D,ROTARY MOWER,AGRICULTURE,KUBOTA,V2003,,,,V2003-T-EBB / V2003-T-BG / V2003-T-E2B / V2003-T-E2BG,"BRG, MAIN, STD, 03 SERIES LARGE JOURNAL",K1A091-23480,4.0,Y,FOR CRANKSHAFTS WITH 60MM MAIN JOURNALS
TORO,GROUNDSMASTER 4100D,ROTARY MOWER,AGRICULTURE,KUBOTA,V2003,,,,V2003-T-EBB / V2003-T-BG / V2003-T-E2B / V2003-T-E2BG,"BUSHING, CON ROD, 03 SERIES",K17331-21980,4.0,Y,
TORO,GROUNDSMASTER 4100D,ROTARY MOWER,AGRICULTURE,KUBOTA,V2003,,,,V2003-T-EBB / V2003-T-BG / V2003-T-E2B / V2003-T-E2BG,"CON ROD, 03 SERIES",K17311-22010,4.0,Y,
TORO,GROUNDSMASTER 4100D,ROTARY MOWER,AGRICULTURE,KUBOTA,V2003,,,,V2003-T-EBB / V2003-T-BG / V2003-T-E2B / V2003-T-E2BG,"CRANKSHAFT SLEEVE, REAR, 03 SERIES",K19202-23280,1.0,Y,
TORO,GROUNDSMASTER 4100D,ROTARY MOWER,AGRICULTURE,KUBOTA,V2003,,,,V2003-T-EBB / V2003-T-BG / V2003-T-E2B / V2003-T-E2BG,"CRANKSHAFT, V03 SERIES, 60MM MAINS",K16641-23020,1.0,Y,
TORO,GROUNDSMASTER 4100D,ROTARY MOWER,AGRICULTURE,KUBOTA,V2003,,,,V2003-T-EBB / V2003-T-BG / V2003-T-E2B / V2003-T-E2BG,"EXHAUST VALVE, 03 SERIES IDI",K16484-13120,4.0,Y,
TORO,GROUNDSMASTER 4100D,ROTARY MOWER,AGRICULTURE,KUBOTA,V2003,,,,V2003-T-EBB / V2003-T-BG / V2003-T-E2B / V2003-T-E2BG,"EXHAUST VALVE, 03 SERIES IDI",K16484-13120,4.0,Y,
TORO,GROUNDSMASTER 4100D,ROTARY MOWER,AGRICULTURE,KUBOTA,V2003,,,,V2003-T-EBB / V2003-T-BG / V2003-T-E2B / V2003-T-E2BG,"FRONT CRANK BUSHING, .20MM, 03 SERIES LARGE JOURNAL",K1A091-23910,1.0,Y,
TORO,GROUNDSMASTER 4100D,ROTARY MOWER,AGRICULTURE,KUBOTA,V2003,,,,V2003-T-EBB / V2003-T-BG / V2003-T-E2B / V2003-T-E2BG,"FRONT CRANK BUSHING, .40MM, 03 SERIES LARGE JOURNAL",K1A091-23920,1.0,Y,
TORO,GROUNDSMASTER 4100D,ROTARY MOWER,AGRICULTURE,KUBOTA,V2003,,,,V2003-T-EBB / V2003-T-BG / V2003-T-E2B / V2003-T-E2BG,"FRONT CRANK BUSHING, STD, 03 SERIES LARGE JOURNAL",K1A091-23470,1.0,Y,
TORO,GROUNDSMASTER 4100D,ROTARY MOWER,AGRICULTURE,KUBOTA,V2003,,,,V2003-T-EBB / V2003-T-BG / V2003-T-E2B / V2003-T-E2BG,FRONT CRANK COLLAR,K19202-23250,1.0,Y,
TORO,GROUNDSMASTER 4100D,ROTARY MOWER,AGRICULTURE,KUBOTA,V2003,,,,V2003-T-EBB / V2003-T-BG / V2003-T-E2B / V2003-T-E2BG,"GASKET, WATER PUMP, V2003/V2203",K15766-73430,1.0,Y,
TORO,GROUNDSMASTER 4100D,ROTARY MOWER,AGRICULTURE,KUBOTA,V2003,,,,V2003-T-EBB / V2003-T-BG / V2003-T-E2B / V2003-T-E2BG,"HEAD GASKET SET, V2003T IDI",K1G970-99350,1.0,Y,
TORO,GROUNDSMASTER 4100D,ROTARY MOWER,AGRICULTURE,KUBOTA,V2003,,,,V2003-T-EBB / V2003-T-BG / V2003-T-E2B / V2003-T-E2BG,"INJECTOR, FUEL, IDI, V2003/2203/2403 IDI",K16419-53900,4.0,Y,
TORO,GROUNDSMASTER 4100D,ROTARY MOWER,AGRICULTURE,KUBOTA,V2003,,,,V2003-T-EBB / V2003-T-BG / V2003-T-E2B / V2003-T-E2BG,"INJECTOR, FUEL, IDI, V2003/2203/2403 IDI",K16454-53900,4.0,Y,
TORO,GROUNDSMASTER 4100D,ROTARY MOWER,AGRICULTURE,KUBOTA,V2003,,,,V2003-T-EBB / V2003-T-BG / V2003-T-E2B / V2003-T-E2BG,"INTAKE VALVE, 03 SERIES IDI",K16484-13110,4.0,Y,
TORO,GROUNDSMASTER 4100D,ROTARY MOWER,AGRICULTURE,KUBOTA,V2003,,,,V2003-T-EBB / V2003-T-BG / V2003-T-E2B / V2003-T-E2BG,"INTAKE VALVE, 03 SERIES IDI",K16484-13110,4.0,Y,
TORO,GROUNDSMASTER 4100D,ROTARY MOWER,AGRICULTURE,KUBOTA,V2003,,K16483-21780,,V2003-T-EBB / V2003-T-BG / V2003-T-E2B / V2003-T-E2BG,"KIT, PISTON & RINGS, 0.50MM, V2003T IDI",K16483-21780,4.0,Y,
TORO,GROUNDSMASTER 4100D,ROTARY MOWER,AGRICULTURE,KUBOTA,V2003,,K16483-21770,,V2003-T-EBB / V2003-T-BG / V2003-T-E2B / V2003-T-E2BG,"KIT, PISTON & RINGS, STD, V2003T IDI",K16483-21770,4.0,Y,
TORO,GROUNDSMASTER 4100D,ROTARY MOWER,AGRICULTURE,KUBOTA,V2003,,,,V2003-T-EBB / V2003-T-BG / V2003-T-E2B / V2003-T-E2BG,"LOWER GASKET SET, 03 SERIES",K1G486-99360,1.0,Y,INCLUDES CRANK SEALS
TORO,GROUNDSMASTER 4100D,ROTARY MOWER,AGRICULTURE,KUBOTA,V2003,,,,V2003-T-EBB / V2003-T-BG / V2003-T-E2B / V2003-T-E2BG,"LOWER GASKET SET, V2003T IDI",K1G974-99362,1.0,Y,
TORO,GROUNDSMASTER 4100D,MOWER,AGRICULTURE,KUBOTA,V2003,,,KV2003TW,V2003-T-EBB / V2003-T-BG / V2003-T-E2B / V2003-T-E2BG,OVERHAUL KIT,KV2003TW,1.0,Y,INCLUDES MAIN BEARINGS FOR 60MM MAIN JOURNALS
TORO,GROUNDSMASTER 4100D,MOWER,AGRICULTURE,KUBOTA,V2003,,,KV2003TW/50,V2003-T-EBB / V2003-T-BG / V2003-T-E2B / V2003-T-E2BG,OVERHAUL KIT,KV2003TW/50,1.0,Y,
TORO,GROUNDSMASTER 4100D,ROTARY MOWER,AGRICULTURE,KUBOTA,V2003,,,,V2003-T-EBB / V2003-T-BG / V2003-T-E2B / V2003-T-E2BG,"PUMP, FUEL TRANSFER, V2003/V2203/V2403",K17121-52030,1.0,Y,
TORO,GROUNDSMASTER 4100D,ROTARY MOWER,AGRICULTURE,KUBOTA,V2003,,,,V2003-T-EBB / V2003-T-BG / V2003-T-E2B / V2003-T-E2BG,"PUMP, OIL, 02/03 SERIES",K15471-35013,1.0,Y,
TORO,GROUNDSMASTER 4100D,ROTARY MOWER,AGRICULTURE,KUBOTA,V2003,,,,V2003-T-EBB / V2003-T-BG / V2003-T-E2B / V2003-T-E2BG,"RING SET, 0.50MM, V2003T IDI",K1G610-21090,4.0,Y,
TORO,GROUNDSMASTER 4100D,ROTARY MOWER,AGRICULTURE,KUBOTA,V2003,,,,V2003-T-EBB / V2003-T-BG / V2003-T-E2B / V2003-T-E2BG,"RING SET, STD, V2003T IDI",K1G610-21050,4.0,Y,
TORO,GROUNDSMASTER 4100D,ROTARY MOWER,AGRICULTURE,KUBOTA,V2003,,,,V2003-T-EBB / V2003-T-BG / V2003-T-E2B / V2003-T-E2BG,"THRUST WASHER SET, .20MM, 03 SERIES LARGE JOURNAL",K1A091-23950/70,1.0,Y,
TORO,GROUNDSMASTER 4100D,ROTARY MOWER,AGRICULTURE,KUBOTA,V2003,,,,V2003-T-EBB / V2003-T-BG / V2003-T-E2B / V2003-T-E2BG,"THRUST WASHER SET, .40MM, 03 SERIES LARGE JOURNAL",K1A091-23960/80,1.0,Y,
TORO,GROUNDSMASTER 4100D,ROTARY MOWER,AGRICULTURE,KUBOTA,V2003,,,,V2003-T-EBB / V2003-T-BG / V2003-T-E2B / V2003-T-E2BG,"THRUST WASHER SET, STD, 03 SERIES LARGE JOURNAL",K1A091-23530/40,1.0,Y,
TORO,GROUNDSMASTER 4100D,ROTARY MOWER,AGRICULTURE,KUBOTA,V2003,,,,V2003-T-EBB / V2003-T-BG / V2003-T-E2B / V2003-T-E2BG,"VALVE GUIDE, EXHAUST, 03 SERIES",K17321-13560,4.0,Y,
TORO,GROUNDSMASTER 4100D,ROTARY MOWER,AGRICULTURE,KUBOTA,V2003,,,,V2003-T-EBB / V2003-T-BG / V2003-T-E2B / V2003-T-E2BG,"VALVE GUIDE, INTAKE, 03 SERIES",K17321-13580,4.0,Y,
TORO,GROUNDSMASTER 4100D,ROTARY MOWER,AGRICULTURE,KUBOTA,V2003,,,,V2003-T-EBB / V2003-T-BG / V2003-T-E2B / V2003-T-E2BG,"VALVE KEEPER, 03 SERIES",K15221-13980,16.0,Y,
TORO,GROUNDSMASTER 4100D,ROTARY MOWER,AGRICULTURE,KUBOTA,V2003,,,,V2003-T-EBB / V2003-T-BG / V2003-T-E2B / V2003-T-E2BG,"VALVE SEAL, 03 SERIES",K15221-13153,8.0,Y,
TORO,GROUNDSMASTER 4100D,ROTARY MOWER,AGRICULTURE,KUBOTA,V2003,,,,V2003-T-EBB / V2003-T-BG / V2003-T-E2B / V2003-T-E2BG,"VALVE SPRING, 03 SERIES",K15221-13240,8.0,Y,
TORO,GROUNDSMASTER 4100D,ROTARY MOWER,AGRICULTURE,KUBOTA,V2003,,,,V2003-T-EBB / V2003-T-BG / V2003-T-E2B / V2003-T-E2BG,"VALVE, EXHAUST 17111-13120",K1G852-13122,4.0,Y,
TOWMOTOR,V100,FORKLIFT,CONSTRUCTION,PERKINS,4.236,,,POK448,,OVERHAUL KIT ,POK448,1.0,Y,"LD, DIESEL, 4.10"" SLEEVE BARREL OD, IND APPLICATIONS"
TOWMOTOR,V100,FORKLIFT,CONSTRUCTION,PERKINS,4.236,,,POK450,,OVERHAUL KIT ,POK450,1.0,Y,"LD, DIESEL, 4.06"" SLEEVE BARREL OD, IND APPLICATIONS"
TOWMOTOR,V120,FORKLIFT,CONSTRUCTION,PERKINS,4.236,,,POK448,,OVERHAUL KIT ,POK448,1.0,Y,"LD, DIESEL, 4.10"" SLEEVE BARREL OD, IND APPLICATIONS"
TOWMOTOR,V120,FORKLIFT,CONSTRUCTION,PERKINS,4.236,,,POK450,,OVERHAUL KIT ,POK450,1.0,Y,"LD, DIESEL, 4.06"" SLEEVE BARREL OD, IND APPLICATIONS"
TOWMOTOR,V140,FORKLIFT,CONSTRUCTION,PERKINS,4.236,,,POK448,,OVERHAUL KIT ,POK448,1.0,Y,"LD, DIESEL, 4.10"" SLEEVE BARREL OD, IND APPLICATIONS"
TOWMOTOR,V140,FORKLIFT,CONSTRUCTION,PERKINS,4.236,,,POK450,,OVERHAUL KIT ,POK450,1.0,Y,"LD, DIESEL, 4.06"" SLEEVE BARREL OD, IND APPLICATIONS"
VERMEER,M434-4,TRENCHER,CONSTRUCTION,PERKINS,4.108,,,POK410,,OVERHAUL KIT ,POK410,1.0,Y,"ED BUILD, INDUSTRIAL APPLICATION"
VERMEER,SC372,STUMP CUTTER,INDUSTRIAL,YANMAR,3TNV88,,,,3TNV88-BDVR,CAM BEARING  ,Y129795-02412,1.0,Y,
VERMEER,SC372,STUMP CUTTER,INDUSTRIAL,YANMAR,3TNV88,,,,3TNV88-BDVR,CAMSHAFT,Y129129-14580,1.0,Y,
VERMEER,SC372,STUMP CUTTER,INDUSTRIAL,YANMAR,3TNV88,,,,3TNV88-BDVR,"CONNECTING ROD BEARING, .25MM",Y129150-23611,3.0,Y,"SOLD INDIVIDUALLY, USES 3 PER ENGINE"
VERMEER,SC372,STUMP CUTTER,INDUSTRIAL,YANMAR,3TNV88,,,,3TNV88-BDVR,"CONNECTING ROD BEARING, STD",Y129150-23601,3.0,Y,"SOLD INDIVIDUALLY, USES 3 PER ENGINE"
VERMEER,SC372,STUMP CUTTER,INDUSTRIAL,YANMAR,3TNV88,,,,3TNV88-BDVR,CRANKSHAFT,Y129001-21100,1.0,Y,FOR ENGINES THAT DO NOT USE A CRANK DRIVEN BALANCER UNIT
VERMEER,SC372,STUMP CUTTER,INDUSTRIAL,YANMAR,3TNV88,,,,3TNV88-BDVR,CYLINDER REPAIR SLEEVE,88RS,3.0,Y,"STRAIGHT SLEEVE, UNFINISHED BORE"
VERMEER,SC372,STUMP CUTTER,INDUSTRIAL,YANMAR,3TNV88,,,,3TNV88-BDVR,EXHAUST VALVE,Y129100-11130,3.0,Y,
VERMEER,SC372,STUMP CUTTER,INDUSTRIAL,YANMAR,3TNV88,,,,3TNV88-BDVR,FRONT CRANK SEAL,Y129795-01800,1.0,Y,
VERMEER,SC372,STUMP CUTTER,INDUSTRIAL,YANMAR,3TNV88,,,,3TNV88-BDVR,FUEL INJECTOR,Y729004-53101,3.0,Y,CHECK APPLICATION FOR PROPER USAGE
VERMEER,SC372,STUMP CUTTER,INDUSTRIAL,YANMAR,3TNV88,,,,3TNV88-BDVR,FUEL TRANSFER PUMP,Y119225-52102,1.0,Y,
VERMEER,SC372,STUMP CUTTER,INDUSTRIAL,YANMAR,3TNV88,,,,3TNV88-BDVR,FULL GASKET SET,YMGS3TNE88,1.0,Y,INCLUDES CRANK SEALS
VERMEER,SC372,STUMP CUTTER,INDUSTRIAL,YANMAR,3TNV88,,,,3TNV88-BDVR,HEAD GASKET,Y129001-01340,1.0,Y,
VERMEER,SC372,STUMP CUTTER,INDUSTRIAL,YANMAR,3TNV88,,,,3TNV88-BDVR,INTAKE VALVE,Y129005-11100,3.0,Y,
VERMEER,SC372,STUMP CUTTER,INDUSTRIAL,YANMAR,3TNV88,,,,3TNV88-BDVR,LASH CAP,Y129150-11370,6.0,Y,
VERMEER,SC372,STUMP CUTTER,INDUSTRIAL,YANMAR,3TNV88,,,,3TNV88-BDVR,LIQUID GASKET,Y977770-1207F,1.0,Y,
VERMEER,SC372,STUMP CUTTER,INDUSTRIAL,YANMAR,3TNV88,,,,3TNV88-BDVR,"MAIN BEARING, .25MM",Y129150-02871,4.0,Y,"SOLD INDIVIDUALLY, USES 4 PER ENGINE"
VERMEER,SC372,STUMP CUTTER,INDUSTRIAL,YANMAR,3TNV88,,,,3TNV88-BDVR,"MAIN BEARING, STD",Y129001-02931,4.0,Y,"SOLD INDIVIDUALLY, USES 4 PER ENGINE"
VERMEER,SC372,STUMP CUTTER,INDUSTRIAL,YANMAR,3TNV88,,,,3TNV88-BDVR,OIL COOLER,Y129508-33010,1.0,Y,
VERMEER,SC372,STUMP CUTTER,INDUSTRIAL,YANMAR,3TNV88,,,,3TNV88-BDVR,OIL PUMP,Y129001-32001,1.0,Y,PUMP BOLTS TO LOWER CORNER OF BLOCK AND IS DRIVEN OFF CRANK.  OIL PUMP THAT INSTALLS OVER CRANK SNOUT NOT AVAILABLE AT THIS TIME
VERMEER,SC372,STUMP CUTTER,INDUSTRIAL,YANMAR,3TNV88,,,YOK3TNV88,3TNV88-BDVR,OVERHAUL KIT,YOK3TNV88,1.0,Y,
VERMEER,SC372,STUMP CUTTER,INDUSTRIAL,YANMAR,3TNV88,,,YOK3TNV88/25,3TNV88-BDVR,"OVERHAUL KIT, .25MM PISTONS",YOK3TNV88/25,1.0,Y,
VERMEER,SC372,STUMP CUTTER,INDUSTRIAL,YANMAR,3TNV88,,,,3TNV88-BDVR,PIN BUSHING,Y129100-23910,3.0,Y,
VERMEER,SC372,STUMP CUTTER,INDUSTRIAL,YANMAR,3TNV88,,Y129005-22900,,3TNV88-BDVR,"PISTON KIT, .25MM",Y129005-22900,3.0,Y,
VERMEER,SC372,STUMP CUTTER,INDUSTRIAL,YANMAR,3TNV88,,Y129005-22080,,3TNV88-BDVR,"PISTON KIT, STD",Y129005-22080,3.0,Y,
VERMEER,SC372,STUMP CUTTER,INDUSTRIAL,YANMAR,3TNV88,,,,3TNV88-BDVR,"PISTON RING SET, .25MM",Y129005-22950,3.0,Y,
VERMEER,SC372,STUMP CUTTER,INDUSTRIAL,YANMAR,3TNV88,,,,3TNV88-BDVR,"PISTON RING SET, STD",Y129005-22500,3.0,Y,
VERMEER,SC372,STUMP CUTTER,INDUSTRIAL,YANMAR,3TNV88,,,,3TNV88-BDVR,REAR CRANK SEAL,Y129795-01780,1.0,Y,
VERMEER,SC372,STUMP CUTTER,INDUSTRIAL,YANMAR,3TNV88,,,,3TNV88-BDVR,THERMOSTAT,Y129155-49801,1.0,Y,
VERMEER,SC372,STUMP CUTTER,INDUSTRIAL,YANMAR,3TNV88,,,,3TNV88-BDVR,THRUST WASHER SET,Y129150-02931,1.0,Y,SET CONTAINS 4 WASHERS
VERMEER,SC372,STUMP CUTTER,INDUSTRIAL,YANMAR,3TNV88,,,,3TNV88-BDVR,"VALVE GUIDE, EXHAUST",Y129150-11810,3.0,Y,
VERMEER,SC372,STUMP CUTTER,INDUSTRIAL,YANMAR,3TNV88,,,,3TNV88-BDVR,"VALVE GUIDE, INTAKE",Y120130-11860,3.0,Y,
VERMEER,SC372,STUMP CUTTER,INDUSTRIAL,YANMAR,3TNV88,,,,3TNV88-BDVR,VALVE LIFTER,Y129150-14200,6.0,Y,
VERMEER,SC372,STUMP CUTTER,INDUSTRIAL,YANMAR,3TNV88,,,,3TNV88-BDVR,"VALVE SEAL, EXHAUST",Y121400-11340,3.0,Y,
VERMEER,SC372,STUMP CUTTER,INDUSTRIAL,YANMAR,3TNV88,,,,3TNV88-BDVR,"VALVE SEAL, INTAKE",Y124460-11340,3.0,Y,
VERMEER,SC372,STUMP CUTTER,INDUSTRIAL,YANMAR,3TNV88,,,,3TNV88-BDVR,VALVE SPRING,Y129795-11120,6.0,Y,
VERMEER,SC372,STUMP CUTTER,INDUSTRIAL,YANMAR,3TNV88,,,,3TNV88-BDVR,WATER PUMP,Y129508-42001,1.0,Y,CHECK APPLICATION FOR PROPER USAGE
VERMEER,D16X20A,DIRECTIONALDRILL,CONSTRUCTION,PERKINS,404F-22T,,,POK522,,OVERHAUL KIT ,POK522,1.0,Y,"EP BUILD, TURBOCHARGED"
VERMEER,S600T,MINI LOADER,CONSTRUCTION,KUBOTA,D1105,,,,D1105-BB / D1105-BG2 / D1105-BBS,"BRG, CON ROD, 0.20MM  D1105/V1505",K16292-22970,3.0,Y,
VERMEER,S600T,MINI LOADER,CONSTRUCTION,KUBOTA,D1105,,,,D1105-BB / D1105-BG2 / D1105-BBS,"BRG, CON ROD, 0.40MM D1105/V1505",K16292-22980,3.0,Y,
VERMEER,S600T,MINI LOADER,CONSTRUCTION,KUBOTA,D1105,,,,D1105-BB / D1105-BG2 / D1105-BBS,"BRG, CON ROD, STD  D1105/V1505",K16292-22310,3.0,Y,
VERMEER,S600T,MINI LOADER,CONSTRUCTION,KUBOTA,D1105,,,,D1105-BB / D1105-BG2 / D1105-BBS,"BRG, MAIN SET, 0.40mm",K16292-23870,1.0,Y,
VERMEER,S600T,MINI LOADER,CONSTRUCTION,KUBOTA,D1105,,,,D1105-BB / D1105-BG2 / D1105-BBS,"BRG, MAIN SET, 0.40mm",K16292-23940,2.0,Y,
VERMEER,S600T,MINI LOADER,CONSTRUCTION,KUBOTA,D1105,,,,D1105-BB / D1105-BG2 / D1105-BBS,"BRG, MAIN, 0.20mm D1105/V1505",K16292-23860,1.0,Y,
VERMEER,S600T,MINI LOADER,CONSTRUCTION,KUBOTA,D1105,,,,D1105-BB / D1105-BG2 / D1105-BBS,"BRG, MAIN, 0.20mm D1105/V1505",K16292-23930,2.0,Y,
VERMEER,S600T,MINI LOADER,CONSTRUCTION,KUBOTA,D1105,,,,D1105-BB / D1105-BG2 / D1105-BBS,"BRG, MAIN, STD D1105/V1505",K16292-23480,2.0,Y,
VERMEER,S600T,MINI LOADER,CONSTRUCTION,KUBOTA,D1105,,,,D1105-BB / D1105-BG2 / D1105-BBS,"BUSHING, FRONT CRANK, 0.40mm",K16292-23920,1.0,Y,
VERMEER,S600T,MINI LOADER,CONSTRUCTION,KUBOTA,D1105,,,,D1105-BB / D1105-BG2 / D1105-BBS,FUEL TRANSFER PUMP,K16241-52030,1.0,Y,
VERMEER,S600T,MINI LOADER,CONSTRUCTION,KUBOTA,D1105,,,,D1105-BB / D1105-BG2 / D1105-BBS,"GASKET, BOTTOM SET D1105",K1G995-99362,1.0,Y,
VERMEER,S600T,MINI LOADER,CONSTRUCTION,KUBOTA,D1105,,,,D1105-BB / D1105-BG2 / D1105-BBS,"GASKET, CYL HEAD  D1105",K16261-03310,1.0,Y,
VERMEER,S600T,MINI LOADER,CONSTRUCTION,KUBOTA,D1105,,,,D1105-BB / D1105-BG2 / D1105-BBS,"GASKET, CYL HEAD D1105",K1G063-03310,1.0,Y,
VERMEER,S600T,MINI LOADER,CONSTRUCTION,KUBOTA,D1105,,,,D1105-BB / D1105-BG2 / D1105-BBS,"GASKET, HEAD D1105",K1E038-03310,1.0,Y,
VERMEER,S600T,MINI LOADER,CONSTRUCTION,KUBOTA,D1105,,,,D1105-BB / D1105-BG2 / D1105-BBS,"GASKET, THERMOSTAT",K16221-73270,1.0,Y,
VERMEER,S600T,MINI LOADER,CONSTRUCTION,KUBOTA,D1105,,,,D1105-BB / D1105-BG2 / D1105-BBS,"GASKET, TOP SET ( NON TURBO) D1105",K07916-29116,1.0,Y,Includes composite head gasket K16261-03310(no gas vents between fire rings)
VERMEER,S600T,MINI LOADER,CONSTRUCTION,KUBOTA,D1105,,,,D1105-BB / D1105-BG2 / D1105-BBS,"INJECTOR, FUEL,  D1105 / V1505",K16032-53902,3.0,Y,
VERMEER,S600T,MINI LOADER,CONSTRUCTION,KUBOTA,D1105,,K1G069-21795,,D1105-BB / D1105-BG2 / D1105-BBS,"KIT, PISTON & RINGS, 0.50mm NON-TURBO D1105 V1505",K1G069-21795,3.0,Y,
VERMEER,S600T,MINI LOADER,CONSTRUCTION,KUBOTA,D1105,,K1G069-21775,,D1105-BB / D1105-BG2 / D1105-BBS,"KIT, PISTON & RINGS, STD NON-TURBO  D1105/V1505",K1G069-21775,3.0,Y,
VERMEER,S600T,MINI LOADER,CONSTRUCTION,KUBOTA,D1105,,,KD1105,D1105-BB / D1105-BG2 / D1105-BBS,OVERHAUL KIT,KD1105,1.0,Y,
VERMEER,S600T,MINI LOADER,CONSTRUCTION,KUBOTA,D1105,,,KD1105/50,D1105-BB / D1105-BG2 / D1105-BBS,OVERHAUL KIT,KD1105/50,1.0,Y,
VERMEER,S600T,MINI LOADER,CONSTRUCTION,KUBOTA,D1105,,K16060-21914,,D1105-BB / D1105-BG2 / D1105-BBS,"PISTON 0.5mm, NON-TURBO D1105 V1505",K16060-21914,3.0,Y,
VERMEER,S600T,MINI LOADER,CONSTRUCTION,KUBOTA,D1105,,,,D1105-BB / D1105-BG2 / D1105-BBS,"PISTON STD, D1105 V1505 NON-TURBO",K16060-21114,3.0,Y,
VERMEER,S600T,MINI LOADER,CONSTRUCTION,KUBOTA,D1105,,,,D1105-BB / D1105-BG2 / D1105-BBS,"PLUG, GLOW, D905/D1105",K16851-65510,3.0,Y,
VERMEER,S600T,MINI LOADER,CONSTRUCTION,KUBOTA,D1105,,,,D1105-BB / D1105-BG2 / D1105-BBS,"PUMP, WATER IMP 58mm D1105 V1505",K16241-73034,1.0,Y,
VERMEER,S600T,MINI LOADER,CONSTRUCTION,KUBOTA,D1105,,,,D1105-BB / D1105-BG2 / D1105-BBS,"PUMP, WATER IMP. 68mm D1105 V1505",K16251-73034,1.0,Y,
VERMEER,S600T,MINI LOADER,CONSTRUCTION,KUBOTA,D1105,,,,D1105-BB / D1105-BG2 / D1105-BBS,"RING SET, 0.50MM D1105 V1505 NON-TURBO",K16261-21090,3.0,Y,
VERMEER,S600T,MINI LOADER,CONSTRUCTION,KUBOTA,D1105,,,,D1105-BB / D1105-BG2 / D1105-BBS,"RING SET, STD D1105 V1505 NON-TURBO",K16261-21050,3.0,Y,
VERMEER,S600T,MINI LOADER,CONSTRUCTION,KUBOTA,D1105,,,,D1105-BB / D1105-BG2 / D1105-BBS,"ROTOR ASSEMBLY, OIL PUMP, V1505",K16241-35070,1.0,Y,
VERMEER,S600T,MINI LOADER,CONSTRUCTION,KUBOTA,D1105,,,,D1105-BB / D1105-BG2 / D1105-BBS,"THERMOSTAT, V2203/V2003-T",K19434-73014,1.0,Y,
VERMEER,S600T,MINI LOADER,CONSTRUCTION,KUBOTA,D1105,,,,D1105-BB / D1105-BG2 / D1105-BBS,"THRUST WASHER SET, .20MM, 02/03 SERIES SMALL JOURNAL",K15521-23950/70,1.0,Y,SET OF 2 PAIRS
VERMEER,S600T,MINI LOADER,CONSTRUCTION,KUBOTA,D1105,,,,D1105-BB / D1105-BG2 / D1105-BBS,"THRUST WASHER SET, .40MM, 02/03 SERIES SMALL JOURNAL",K15521-23960/80,1.0,Y,SET OF 2 PAIRS
VERMEER,S600T,MINI LOADER,CONSTRUCTION,KUBOTA,D1105,,,,D1105-BB / D1105-BG2 / D1105-BBS,"THRUST WASHER SET, STD, 02/03 SERIES SMALL JOURNAL",K15521-23530/40,1.0,Y,SET OF 2 PAIRS
VERMEER,S600TX,MINI LOADER,CONSTRUCTION,KUBOTA,D1105,,,,D1105-BB / D1105-BG2 / D1105-BBS,"BRG, CON ROD, 0.20MM  D1105/V1505",K16292-22970,3.0,Y,
VERMEER,S600TX,MINI LOADER,CONSTRUCTION,KUBOTA,D1105,,,,D1105-BB / D1105-BG2 / D1105-BBS,"BRG, CON ROD, 0.40MM D1105/V1505",K16292-22980,3.0,Y,
VERMEER,S600TX,MINI LOADER,CONSTRUCTION,KUBOTA,D1105,,,,D1105-BB / D1105-BG2 / D1105-BBS,"BRG, CON ROD, STD  D1105/V1505",K16292-22310,3.0,Y,
VERMEER,S600TX,MINI LOADER,CONSTRUCTION,KUBOTA,D1105,,,,D1105-BB / D1105-BG2 / D1105-BBS,"BRG, MAIN SET, 0.40mm",K16292-23870,1.0,Y,
VERMEER,S600TX,MINI LOADER,CONSTRUCTION,KUBOTA,D1105,,,,D1105-BB / D1105-BG2 / D1105-BBS,"BRG, MAIN SET, 0.40mm",K16292-23940,2.0,Y,
VERMEER,S600TX,MINI LOADER,CONSTRUCTION,KUBOTA,D1105,,,,D1105-BB / D1105-BG2 / D1105-BBS,"BRG, MAIN, 0.20mm D1105/V1505",K16292-23860,1.0,Y,
VERMEER,S600TX,MINI LOADER,CONSTRUCTION,KUBOTA,D1105,,,,D1105-BB / D1105-BG2 / D1105-BBS,"BRG, MAIN, 0.20mm D1105/V1505",K16292-23930,2.0,Y,
VERMEER,S600TX,MINI LOADER,CONSTRUCTION,KUBOTA,D1105,,,,D1105-BB / D1105-BG2 / D1105-BBS,"BRG, MAIN, STD D1105/V1505",K16292-23480,2.0,Y,
VERMEER,S600TX,MINI LOADER,CONSTRUCTION,KUBOTA,D1105,,,,D1105-BB / D1105-BG2 / D1105-BBS,"BUSHING, FRONT CRANK, 0.40mm",K16292-23920,1.0,Y,
VERMEER,S600TX,MINI LOADER,CONSTRUCTION,KUBOTA,D1105,,,,D1105-BB / D1105-BG2 / D1105-BBS,FUEL TRANSFER PUMP,K16241-52030,1.0,Y,
VERMEER,S600TX,MINI LOADER,CONSTRUCTION,KUBOTA,D1105,,,,D1105-BB / D1105-BG2 / D1105-BBS,"GASKET, BOTTOM SET D1105",K1G995-99362,1.0,Y,
VERMEER,S600TX,MINI LOADER,CONSTRUCTION,KUBOTA,D1105,,,,D1105-BB / D1105-BG2 / D1105-BBS,"GASKET, CYL HEAD  D1105",K16261-03310,1.0,Y,
VERMEER,S600TX,MINI LOADER,CONSTRUCTION,KUBOTA,D1105,,,,D1105-BB / D1105-BG2 / D1105-BBS,"GASKET, CYL HEAD D1105",K1G063-03310,1.0,Y,
VERMEER,S600TX,MINI LOADER,CONSTRUCTION,KUBOTA,D1105,,,,D1105-BB / D1105-BG2 / D1105-BBS,"GASKET, HEAD D1105",K1E038-03310,1.0,Y,
VERMEER,S600TX,MINI LOADER,CONSTRUCTION,KUBOTA,D1105,,,,D1105-BB / D1105-BG2 / D1105-BBS,"GASKET, THERMOSTAT",K16221-73270,1.0,Y,
VERMEER,S600TX,MINI LOADER,CONSTRUCTION,KUBOTA,D1105,,,,D1105-BB / D1105-BG2 / D1105-BBS,"GASKET, TOP SET ( NON TURBO) D1105",K07916-29116,1.0,Y,Includes composite head gasket K16261-03310(no gas vents between fire rings)
VERMEER,S600TX,MINI LOADER,CONSTRUCTION,KUBOTA,D1105,,,,D1105-BB / D1105-BG2 / D1105-BBS,"INJECTOR, FUEL,  D1105 / V1505",K16032-53902,3.0,Y,
VERMEER,S600TX,MINI LOADER,CONSTRUCTION,KUBOTA,D1105,,K1G069-21795,,D1105-BB / D1105-BG2 / D1105-BBS,"KIT, PISTON & RINGS, 0.50mm NON-TURBO D1105 V1505",K1G069-21795,3.0,Y,
VERMEER,S600TX,MINI LOADER,CONSTRUCTION,KUBOTA,D1105,,K1G069-21775,,D1105-BB / D1105-BG2 / D1105-BBS,"KIT, PISTON & RINGS, STD NON-TURBO  D1105/V1505",K1G069-21775,3.0,Y,
VERMEER,S600TX,MINI LOADER,CONSTRUCTION,KUBOTA,D1105,,,KD1105,D1105-BB / D1105-BG2 / D1105-BBS,OVERHAUL KIT,KD1105,1.0,Y,
VERMEER,S600TX,MINI LOADER,CONSTRUCTION,KUBOTA,D1105,,,KD1105/50,D1105-BB / D1105-BG2 / D1105-BBS,OVERHAUL KIT,KD1105/50,1.0,Y,
VERMEER,S600TX,MINI LOADER,CONSTRUCTION,KUBOTA,D1105,,K16060-21914,,D1105-BB / D1105-BG2 / D1105-BBS,"PISTON 0.5mm, NON-TURBO D1105 V1505",K16060-21914,3.0,Y,
VERMEER,S600TX,MINI LOADER,CONSTRUCTION,KUBOTA,D1105,,,,D1105-BB / D1105-BG2 / D1105-BBS,"PISTON STD, D1105 V1505 NON-TURBO",K16060-21114,3.0,Y,
VERMEER,S600TX,MINI LOADER,CONSTRUCTION,KUBOTA,D1105,,,,D1105-BB / D1105-BG2 / D1105-BBS,"PLUG, GLOW, D905/D1105",K16851-65510,3.0,Y,
VERMEER,S600TX,MINI LOADER,CONSTRUCTION,KUBOTA,D1105,,,,D1105-BB / D1105-BG2 / D1105-BBS,"PUMP, WATER IMP 58mm D1105 V1505",K16241-73034,1.0,Y,
VERMEER,S600TX,MINI LOADER,CONSTRUCTION,KUBOTA,D1105,,,,D1105-BB / D1105-BG2 / D1105-BBS,"PUMP, WATER IMP. 68mm D1105 V1505",K16251-73034,1.0,Y,
VERMEER,S600TX,MINI LOADER,CONSTRUCTION,KUBOTA,D1105,,,,D1105-BB / D1105-BG2 / D1105-BBS,"RING SET, 0.50MM D1105 V1505 NON-TURBO",K16261-21090,3.0,Y,
VERMEER,S600TX,MINI LOADER,CONSTRUCTION,KUBOTA,D1105,,,,D1105-BB / D1105-BG2 / D1105-BBS,"RING SET, STD D1105 V1505 NON-TURBO",K16261-21050,3.0,Y,
VERMEER,S600TX,MINI LOADER,CONSTRUCTION,KUBOTA,D1105,,,,D1105-BB / D1105-BG2 / D1105-BBS,"ROTOR ASSEMBLY, OIL PUMP, V1505",K16241-35070,1.0,Y,
VERMEER,S600TX,MINI LOADER,CONSTRUCTION,KUBOTA,D1105,,,,D1105-BB / D1105-BG2 / D1105-BBS,"THERMOSTAT, V2203/V2003-T",K19434-73014,1.0,Y,
VERMEER,S600TX,MINI LOADER,CONSTRUCTION,KUBOTA,D1105,,,,D1105-BB / D1105-BG2 / D1105-BBS,"THRUST WASHER SET, .20MM, 02/03 SERIES SMALL JOURNAL",K15521-23950/70,1.0,Y,SET OF 2 PAIRS
VERMEER,S600TX,MINI LOADER,CONSTRUCTION,KUBOTA,D1105,,,,D1105-BB / D1105-BG2 / D1105-BBS,"THRUST WASHER SET, .40MM, 02/03 SERIES SMALL JOURNAL",K15521-23960/80,1.0,Y,SET OF 2 PAIRS
VERMEER,S600TX,MINI LOADER,CONSTRUCTION,KUBOTA,D1105,,,,D1105-BB / D1105-BG2 / D1105-BBS,"THRUST WASHER SET, STD, 02/03 SERIES SMALL JOURNAL",K15521-23530/40,1.0,Y,SET OF 2 PAIRS
VERMEER,S800TX,MINI SKID STEER,CONSTRUCTION,KUBOTA,V1505,,,,V1505-E3B / V1505-BG2 / V1505-BB / V1505-BBS,"BRG, CON ROD, 0.20MM  D1105/V1505",K16292-22970,4.0,Y,
VERMEER,S800TX,MINI SKID STEER,CONSTRUCTION,KUBOTA,V1505,,,,V1505-E3B / V1505-BG2 / V1505-BB / V1505-BBS,"BRG, CON ROD, 0.40MM D1105/V1505",K16292-22980,4.0,Y,
VERMEER,S800TX,MINI SKID STEER,CONSTRUCTION,KUBOTA,V1505,,,,V1505-E3B / V1505-BG2 / V1505-BB / V1505-BBS,"BRG, CON ROD, STD  D1105/V1505",K16292-22310,4.0,Y,
VERMEER,S800TX,MINI SKID STEER,CONSTRUCTION,KUBOTA,V1505,,,,V1505-E3B / V1505-BG2 / V1505-BB / V1505-BBS,"BRG, MAIN SET, 0.40mm",K16292-23870,2.0,Y,
VERMEER,S800TX,MINI SKID STEER,CONSTRUCTION,KUBOTA,V1505,,,,V1505-E3B / V1505-BG2 / V1505-BB / V1505-BBS,"BRG, MAIN SET, 0.40mm",K16292-23940,2.0,Y,
VERMEER,S800TX,MINI SKID STEER,CONSTRUCTION,KUBOTA,V1505,,,,V1505-E3B / V1505-BG2 / V1505-BB / V1505-BBS,"BRG, MAIN, 0.20mm D1105/V1505",K16292-23860,2.0,Y,
VERMEER,S800TX,MINI SKID STEER,CONSTRUCTION,KUBOTA,V1505,,,,V1505-E3B / V1505-BG2 / V1505-BB / V1505-BBS,"BRG, MAIN, 0.20mm D1105/V1505",K16292-23930,2.0,Y,
VERMEER,S800TX,MINI SKID STEER,CONSTRUCTION,KUBOTA,V1505,,,,V1505-E3B / V1505-BG2 / V1505-BB / V1505-BBS,"BRG, MAIN, STD D1105/V1505",K16292-23480,2.0,Y,
VERMEER,S800TX,MINI SKID STEER,CONSTRUCTION,KUBOTA,V1505,,,,V1505-E3B / V1505-BG2 / V1505-BB / V1505-BBS,"BUSHING, FRONT CRANK, 0.40mm",K16292-23920,1.0,Y,
VERMEER,S800TX,MINI SKID STEER,CONSTRUCTION,KUBOTA,V1505,,,,V1505-E3B / V1505-BG2 / V1505-BB / V1505-BBS,FUEL TRANSFER PUMP,K16241-52030,1.0,Y,
VERMEER,S800TX,MINI SKID STEER,CONSTRUCTION,KUBOTA,V1505,,,,V1505-E3B / V1505-BG2 / V1505-BB / V1505-BBS,"GASKET, BOTTOM  SET V1505",K1G089-99365,1.0,Y,
VERMEER,S800TX,MINI SKID STEER,CONSTRUCTION,KUBOTA,V1505,,,,V1505-E3B / V1505-BG2 / V1505-BB / V1505-BBS,"GASKET, CYL HEAD  V1505",K16292-03310,1.0,Y,
VERMEER,S800TX,MINI SKID STEER,CONSTRUCTION,KUBOTA,V1505,,,,V1505-E3B / V1505-BG2 / V1505-BB / V1505-BBS,"GASKET, CYL HEAD  V1505",K16292-03310,1.0,Y,
VERMEER,S800TX,MINI SKID STEER,CONSTRUCTION,KUBOTA,V1505,,,,V1505-E3B / V1505-BG2 / V1505-BB / V1505-BBS,"GASKET, CYL HEAD V1505",K16282-03310,1.0,Y,
VERMEER,S800TX,MINI SKID STEER,CONSTRUCTION,KUBOTA,V1505,,,,V1505-E3B / V1505-BG2 / V1505-BB / V1505-BBS,"GASKET, CYL HEAD V1505",K16394-03313,1.0,Y,
VERMEER,S800TX,MINI SKID STEER,CONSTRUCTION,KUBOTA,V1505,,,,V1505-E3B / V1505-BG2 / V1505-BB / V1505-BBS,"GASKET, THERMOSTAT",K16221-73270,1.0,Y,
VERMEER,S800TX,MINI SKID STEER,CONSTRUCTION,KUBOTA,V1505,,,,V1505-E3B / V1505-BG2 / V1505-BB / V1505-BBS,"GASKET, TOP SET (NON TURBO) V1505",K16286-99352,1.0,Y,
VERMEER,S800TX,MINI SKID STEER,CONSTRUCTION,KUBOTA,V1505,,,,V1505-E3B / V1505-BG2 / V1505-BB / V1505-BBS,"GASKET, TOP SET (TURBO & NON TURBO) V1505",K07916-27305,1.0,Y,Includes composite head gasket K16282-03310(no gas vents between fire rings)
VERMEER,S800TX,MINI SKID STEER,CONSTRUCTION,KUBOTA,V1505,,,,V1505-E3B / V1505-BG2 / V1505-BB / V1505-BBS,"INJECTOR, FUEL,  D1105 / V1505",K16032-53902,4.0,Y,
VERMEER,S800TX,MINI SKID STEER,CONSTRUCTION,KUBOTA,V1505,,K1G069-21795,,V1505-E3B / V1505-BG2 / V1505-BB / V1505-BBS,"KIT, PISTON & RINGS, 0.50mm NON-TURBO D1105 V1505",K1G069-21795,4.0,Y,
VERMEER,S800TX,MINI SKID STEER,CONSTRUCTION,KUBOTA,V1505,,K1G069-21775,,V1505-E3B / V1505-BG2 / V1505-BB / V1505-BBS,"KIT, PISTON & RINGS, STD NON-TURBO  D1105/V1505",K1G069-21775,4.0,Y,
VERMEER,S800TX,MINI SKID STEER,CONSTRUCTION,KUBOTA,V1505,,,KV1505,V1505-E3B / V1505-BG2 / V1505-BB / V1505-BBS,OVERHAUL KIT,KV1505,1.0,Y,
VERMEER,S800TX,MINI SKID STEER,CONSTRUCTION,KUBOTA,V1505,,,KV1505/50,V1505-E3B / V1505-BG2 / V1505-BB / V1505-BBS,OVERHAUL KIT,KV1505/50,1.0,Y,
VERMEER,S800TX,MINI SKID STEER,CONSTRUCTION,KUBOTA,V1505,,K16060-21914,,V1505-E3B / V1505-BG2 / V1505-BB / V1505-BBS,"PISTON 0.5mm, NON-TURBO D1105 V1505",K16060-21914,4.0,Y,
VERMEER,S800TX,MINI SKID STEER,CONSTRUCTION,KUBOTA,V1505,,,,V1505-E3B / V1505-BG2 / V1505-BB / V1505-BBS,"PISTON STD, D1105 V1505 NON-TURBO",K16060-21114,4.0,Y,
VERMEER,S800TX,MINI SKID STEER,CONSTRUCTION,KUBOTA,V1505,,,,V1505-E3B / V1505-BG2 / V1505-BB / V1505-BBS,"PLUG, GLOW, D905/D1105",K16851-65510,4.0,Y,
VERMEER,S800TX,MINI SKID STEER,CONSTRUCTION,KUBOTA,V1505,,,,V1505-E3B / V1505-BG2 / V1505-BB / V1505-BBS,"PUMP, WATER IMP 58mm D1105 V1505",K16241-73034,1.0,Y,
VERMEER,S800TX,MINI SKID STEER,CONSTRUCTION,KUBOTA,V1505,,,,V1505-E3B / V1505-BG2 / V1505-BB / V1505-BBS,"PUMP, WATER IMP. 68mm D1105 V1505",K16251-73034,1.0,Y,
VERMEER,S800TX,MINI SKID STEER,CONSTRUCTION,KUBOTA,V1505,,,,V1505-E3B / V1505-BG2 / V1505-BB / V1505-BBS,"RING SET, 0.50MM D1105 V1505 NON-TURBO",K16261-21090,4.0,Y,
VERMEER,S800TX,MINI SKID STEER,CONSTRUCTION,KUBOTA,V1505,,,,V1505-E3B / V1505-BG2 / V1505-BB / V1505-BBS,"RING SET, STD D1105 V1505 NON-TURBO",K16261-21050,4.0,Y,
VERMEER,S800TX,MINI SKID STEER,CONSTRUCTION,KUBOTA,V1505,,,,V1505-E3B / V1505-BG2 / V1505-BB / V1505-BBS,"ROTOR ASSEMBLY, OIL PUMP, V1505",K16241-35070,1.0,Y,
VERMEER,S800TX,MINI SKID STEER,CONSTRUCTION,KUBOTA,V1505,,,,V1505-E3B / V1505-BG2 / V1505-BB / V1505-BBS,"THERMOSTAT, V2203/V2003-T",K19434-73014,1.0,Y,
VERMEER,S800TX,MINI SKID STEER,CONSTRUCTION,KUBOTA,V1505,,,,V1505-E3B / V1505-BG2 / V1505-BB / V1505-BBS,"THRUST WASHER SET, .20MM, 02/03 SERIES SMALL JOURNAL",K15521-23950/70,1.0,Y,SET OF 2 PAIRS
VERMEER,S800TX,MINI SKID STEER,CONSTRUCTION,KUBOTA,V1505,,,,V1505-E3B / V1505-BG2 / V1505-BB / V1505-BBS,"THRUST WASHER SET, .40MM, 02/03 SERIES SMALL JOURNAL",K15521-23960/80,1.0,Y,SET OF 2 PAIRS
VERMEER,S800TX,MINI SKID STEER,CONSTRUCTION,KUBOTA,V1505,,,,V1505-E3B / V1505-BG2 / V1505-BB / V1505-BBS,"THRUST WASHER SET, STD, 02/03 SERIES SMALL JOURNAL",K15521-23530/40,1.0,Y,SET OF 2 PAIRS
VOGELE,SUPER 1600-2,ASPHALT PAVER,CONSTRUCTION,PERKINS,1104D-E44T,,,PBK506,,OVERHAUL KIT ,PBK506,1.0,Y,"NH, NJ, TURBO & AFTERCOOLED, 63.5MM ROD JOURNAL, PISTON # 3135M141"
VOGELE,SUPER 1600-2,ASPHALT PAVER,CONSTRUCTION,PERKINS,1104D-E44T,,,PBK509,,OVERHAUL KIT ,PBK509,1.0,Y,"NH, NJ, TURBO & AFTERCOOLED, 63.5MM ROD JOURNAL, PISTON # 3135M151"
VOGELE,SUPER 1603-2,ASPHALT PAVER,CONSTRUCTION,PERKINS,1104D-E44T,,,PBK506,,OVERHAUL KIT ,PBK506,1.0,Y,"NH, NJ, TURBO & AFTERCOOLED, 63.5MM ROD JOURNAL, PISTON # 3135M141"
VOGELE,SUPER 1603-2,ASPHALT PAVER,CONSTRUCTION,PERKINS,1104D-E44T,,,PBK509,,OVERHAUL KIT ,PBK509,1.0,Y,"NH, NJ, TURBO & AFTERCOOLED, 63.5MM ROD JOURNAL, PISTON # 3135M151"
VOGELE,SUPER 1600-2,ASPHALT PAVER,CONSTRUCTION,PERKINS,1104D-E44TA,,,PBK506,,OVERHAUL KIT ,PBK506,1.0,Y,"NH, NJ, TURBO & AFTERCOOLED, 63.5MM ROD JOURNAL, PISTON # 3135M141"
VOGELE,SUPER 1600-2,ASPHALT PAVER,CONSTRUCTION,PERKINS,1104D-E44TA,,,PBK509,,OVERHAUL KIT ,PBK509,1.0,Y,"NH, NJ, TURBO & AFTERCOOLED, 63.5MM ROD JOURNAL, PISTON # 3135M151"
VOGELE,SUPER 1600-2,ASPHALT PAVER,CONSTRUCTION,PERKINS,1104D-E44TA,,,PBK515,,OVERHAUL KIT ,PBK515,1.0,Y,"NJ, TURBO & AFTERCOOLED, 63.5MM ROD JOURNAL, PISTON # 3135M145"
VOGELE,SUPER 1603-2,ASPHALT PAVER,CONSTRUCTION,PERKINS,1104D-E44TA,,,PBK506,,OVERHAUL KIT ,PBK506,1.0,Y,"NH, NJ, TURBO & AFTERCOOLED, 63.5MM ROD JOURNAL, PISTON # 3135M141"
VOGELE,SUPER 1603-2,ASPHALT PAVER,CONSTRUCTION,PERKINS,1104D-E44TA,,,PBK509,,OVERHAUL KIT ,PBK509,1.0,Y,"NH, NJ, TURBO & AFTERCOOLED, 63.5MM ROD JOURNAL, PISTON # 3135M151"
VOGELE,SUPER 1603-2,ASPHALT PAVER,CONSTRUCTION,PERKINS,1104D-E44TA,,,PBK515,,OVERHAUL KIT ,PBK515,1.0,Y,"NJ, TURBO & AFTERCOOLED, 63.5MM ROD JOURNAL, PISTON # 3135M145"
VOGELE,SUPER 1800-2,ASPHALT PAVER,CONSTRUCTION,PERKINS,1106C-E66TA,,,PBK700,,OVERHAUL KIT ,PBK700,1.0,Y,"PJ, PK, TURBO & AFTERCOOLED, PISTON # 3135M141"
VOGELE,SUPER 1803-2,ASPHALT PAVER,CONSTRUCTION,PERKINS,1106C-E66TA,,,PBK700,,OVERHAUL KIT ,PBK700,1.0,Y,"PJ, PK, TURBO & AFTERCOOLED, PISTON # 3135M141"
VOGELE,SUPER 1800-2,ASPHALT PAVER,CONSTRUCTION,PERKINS,1106D-E66TA,,,PBK700,,OVERHAUL KIT ,PBK700,1.0,Y,"PJ, PK, TURBO & AFTERCOOLED, PISTON # 3135M141"
VOGELE,SUPER 1800-2,ASPHALT PAVER,CONSTRUCTION,PERKINS,1106D-E66TA,,,PBK703,,OVERHAUL KIT ,PBK703,1.0,Y,"PJ, PK, TURBO & AFTERCOOLED, PISTON # 3135M135"
VOGELE,SUPER 1803-2,ASPHALT PAVER,CONSTRUCTION,PERKINS,1106D-E66TA,,,PBK700,,OVERHAUL KIT ,PBK700,1.0,Y,"PJ, PK, TURBO & AFTERCOOLED, PISTON # 3135M141"
VOGELE,SUPER 1803-2,ASPHALT PAVER,CONSTRUCTION,PERKINS,1106D-E66TA,,,PBK703,,OVERHAUL KIT ,PBK703,1.0,Y,"PJ, PK, TURBO & AFTERCOOLED, PISTON # 3135M135"
VOGELE,SUPER 1800-2,ASPHALT PAVER,CONSTRUCTION,PERKINS,1106-E66TA,,,PBK703,,OVERHAUL KIT ,PBK703,1.0,Y,"PJ, PK, TURBO & AFTERCOOLED, PISTON # 3135M135"
VOGELE,SUPER 1803-2,ASPHALT PAVER,CONSTRUCTION,PERKINS,1106-E66TA,,,PBK703,,OVERHAUL KIT ,PBK703,1.0,Y,"PJ, PK, TURBO & AFTERCOOLED, PISTON # 3135M135"
VOGELE,VISION 5100-2,ASPHALT PAVER,CONSTRUCTION,CUMMINS,6BT 6.7 QSB,,,COK5160/6,,OVERHAUL KIT ,COK5160/6,1.0,Y,"QSB, TURBO OR TURBO & AFTERCOOLED, EMISSION CERTIFIED, PISTON # 4860, 4816"
VOGELE,VISION 5103-2,ASPHALT PAVER,CONSTRUCTION,CUMMINS,6BT 6.7 QSB,,,COK5160/6,,OVERHAUL KIT ,COK5160/6,1.0,Y,"QSB, TURBO OR TURBO & AFTERCOOLED, EMISSION CERTIFIED, PISTON # 4860, 4816"
VOGELE,VISION 5200-2,ASPHALT PAVER,CONSTRUCTION,CUMMINS,6BT 6.7 QSB,,,COK5160/6,,OVERHAUL KIT ,COK5160/6,1.0,Y,"QSB, TURBO OR TURBO & AFTERCOOLED, EMISSION CERTIFIED, PISTON # 4860, 4816"
VOGELE,VISION 5203-2,ASPHALT PAVER,CONSTRUCTION,CUMMINS,6BT 6.7 QSB,,,COK5160/6,,OVERHAUL KIT ,COK5160/6,1.0,Y,"QSB, TURBO OR TURBO & AFTERCOOLED, EMISSION CERTIFIED, PISTON # 4860, 4816"
VOLVO,1500C,SKID STEER,CONSTRUCTION,PERKINS,104-22,,,POK404,,OVERHAUL KIT ,POK404,1.0,Y,"KR, KRC, KRG, NATURALLY ASPIRATED"
VOLVO,EC27C,EXCAVATOR,CONSTRUCTION,YANMAR,3TNV88,,,YOK3TNV88,3TNV88-BSVE,OVERHAUL KIT ,YOK3TNV88,1.0,Y,
VOLVO,ECR38,EXCAVATOR,CONSTRUCTION,YANMAR,3TNV88,,,YOK3TNV88,3TNV88-BSVE,OVERHAUL KIT ,YOK3TNV88,1.0,Y,
VOLVO,MC70,SKIDSTEER,CONSTRUCTION,YANMAR,4TNV84T,,,YOK4TNV84T,4TNV84T-XVS,OVERHAUL KIT ,YOK4TNV84T,1.0,Y,
VOLVO,MC70C,SKIDSTEER,CONSTRUCTION,YANMAR,4TNV84T,,,YOK4TNV84T,4TNV84T-ZDVS,OVERHAUL KIT ,YOK4TNV84T,1.0,Y,
VOLVO,C45,EXCAVATOR,CONSTRUCTION,YANMAR,4TNV88,,,YOK4TNV88,4TNV88-SVE,OVERHAUL KIT ,YOK4TNV88,1.0,Y,
VOLVO,EC35,EXCAVATOR,CONSTRUCTION,YANMAR,4TNV88,,,YOK4TNV88,4TNV88-SVE,OVERHAUL KIT ,YOK4TNV88,1.0,Y,
VOLVO,EC45,EXCAVATOR,CONSTRUCTION,YANMAR,4TNV88,,,YOK4TNV88,4TNV88-BSVE,OVERHAUL KIT ,YOK4TNV88,1.0,Y,
VOLVO,ECR48C,EXCAVATOR,CONSTRUCTION,YANMAR,4TNV88,,,YOK4TNV88,4TNV88-BSVE,OVERHAUL KIT ,YOK4TNV88,1.0,Y,
VOLVO,MC60,SKIDSTEER,CONSTRUCTION,YANMAR,4TNV88,,,YOK4TNV88,4TNV88-XVS,OVERHAUL KIT ,YOK4TNV88,1.0,Y,
VOLVO,MC60B,SKIDSTEER,CONSTRUCTION,YANMAR,4TNV88,,,YOK4TNV88,4TNV88-BDVS,OVERHAUL KIT ,YOK4TNV88,1.0,Y,
VOLVO,EC55B,EXCAVATOR,CONSTRUCTION,YANMAR,4TNV94,,,YOK4TNV94,4TNV94L-XVC1E,OVERHAUL KIT ,YOK4TNV94,1.0,Y,
VOLVO,EC55C,EXCAVATOR,CONSTRUCTION,YANMAR,4TNV94,,,YOK4TNV94,4TNV94L-XVC6K,OVERHAUL KIT ,YOK4TNV94,1.0,Y,
VOLVO,EC55C,EXCAVATOR,CONSTRUCTION,YANMAR,4TNV94,,,YOK4TNV94,4TNV94L-XVC6KC,OVERHAUL KIT ,YOK4TNV94,1.0,Y,
VOLVO,ECR58,EXCAVATOR,CONSTRUCTION,YANMAR,4TNV94,,,YOK4TNV94,4TNV94L-XVC3K,OVERHAUL KIT ,YOK4TNV94,1.0,Y,
VOLVO,ECR58D,EXCAVATOR,CONSTRUCTION,YANMAR,4TNV94,,,YOK4TNV94,4TNV94L-WVC5U,OVERHAUL KIT ,YOK4TNV94,1.0,Y,
VOLVO,EW55B,EXCAVATOR,CONSTRUCTION,YANMAR,4TNV94,,,YOK4TNV94,4TNV94L-XVW2K,OVERHAUL KIT ,YOK4TNV94,1.0,Y,
VOLVO,EC55B,EXCAVATOR,CONSTRUCTION,YANMAR,4TNV94L,,,YOK4TNV94,,OVERHAUL KIT ,YOK4TNV94,1.0,Y,"TNV SERIES, 94MM BORE, NON TURBO"
VOLVO,EC55C,EXCAVATOR,CONSTRUCTION,YANMAR,4TNV98,,,YOK4TNV98D,4TNV98-EXPVW,OVERHAUL KIT ,YOK4TNV98D,1.0,Y,
VOLVO,ECR88,EXCAVATOR,CONSTRUCTION,YANMAR,4TNV98,,,YOK4TNV98D,4TNV98-VVC4K,OVERHAUL KIT ,YOK4TNV98D,1.0,Y,
VOLVO,ECR88C,EXCAVATOR,CONSTRUCTION,YANMAR,4TNV98,,,YOK4TNV98D,4TNV98-ZWVC4U,OVERHAUL KIT ,YOK4TNV98D,1.0,Y,
VOLVO,EW60C,EXCAVATOR,CONSTRUCTION,YANMAR,4TNV98,,,YOK4TNV98D,4TNV98-EXPVW,OVERHAUL KIT ,YOK4TNV98D,1.0,Y,
VOLVO,MC80,SKIDSTEER,CONSTRUCTION,YANMAR,4TNV98,,,YOK4TNV98D,4TNV98-PVS,OVERHAUL KIT ,YOK4TNV98D,1.0,Y,
VOLVO,MC80B,SKIDSTEER,CONSTRUCTION,YANMAR,4TNV98,,,YOK4TNV98D,4TNV98-ZNVS,OVERHAUL KIT ,YOK4TNV98D,1.0,Y,
VOLVO,MC110B,SKIDSTEER,CONSTRUCTION,YANMAR,4TNV98T,,,YOK4TNV98T2,4TNV98T-ZNVSH,OVERHAUL KIT ,YOK4TNV98T2,1.0,Y,
VOLVO,MC80,SKIDSTEER,CONSTRUCTION,YANMAR,4TNV98T,,,YOK4TNV98T2,4TNV98T-PVS,OVERHAUL KIT ,YOK4TNV98T2,1.0,Y,
VOLVO,MC90,SKIDSTEER,CONSTRUCTION,YANMAR,4TNV98T,,,YOK4TNV98T2,4TNV98T-ZNVS,OVERHAUL KIT ,YOK4TNV98T2,1.0,Y,
VOLVO,MC90B,SKIDSTEER,CONSTRUCTION,YANMAR,4TNV98T,,,YOK4TNV98T2,4TNV98T-ZNVSH,OVERHAUL KIT ,YOK4TNV98T2,1.0,Y,
VOLVO,MT11,SKIDSTEER,CONSTRUCTION,YANMAR,4TNV98T,,,YOK4TNV98T2,4TNV98T-ZNVSH,OVERHAUL KIT ,YOK4TNV98T2,1.0,Y,
WACKER NEUSON,3001,DUMPER,CONSTRUCTION,YANMAR,3TNV88,,,YOK3TNV88,,OVERHAUL KIT ,YOK3TNV88,1.0,Y,"TNV SERIES, 88MM BORE, NON-TURBO"
WACKER NEUSON,TTR4400,TRACTOR,CONSTRUCTION,YANMAR,3TNV88,,,YOK3TNV88,,OVERHAUL KIT ,YOK3TNV88,1.0,Y,"TNV SERIES, 88MM BORE, NON-TURBO"
WEIDEMANN,1160,LOADER,CONSTRUCTION,PERKINS,403A-15,,,POK349,,OVERHAUL KIT ,POK349,1.0,Y,"GU, GK, NATURALLY ASPIRATED"
WEIDEMANN,1240LP,LOADER,CONSTRUCTION,PERKINS,403A-15,,,POK349,,OVERHAUL KIT ,POK349,1.0,Y,"GU, GK, NATURALLY ASPIRATED"
WEIDEMANN,1380,LOADER,CONSTRUCTION,PERKINS,404A-22,,,POK464,,OVERHAUL KIT ,POK464,1.0,Y,"GV, GN, NATURALLY ASPIRATED"
WEIDEMANN,2080,WHEELLOADER,CONSTRUCTION,PERKINS,404A-22,,,POK464,,OVERHAUL KIT ,POK464,1.0,Y,"GV, GN, NATURALLY ASPIRATED"
WEIDEMANN,1880 CAB,LOADER,CONSTRUCTION,PERKINS,404A-22,,,POK464,,OVERHAUL KIT ,POK464,1.0,Y,"GV, GN, NATURALLY ASPIRATED"
WEIDEMANN,1880 FSD,LOADER,CONSTRUCTION,PERKINS,404A-22,,,POK464,,OVERHAUL KIT ,POK464,1.0,Y,"GV, GN, NATURALLY ASPIRATED"
WEIDEMANN,2070 CX50LP,LOADER,CONSTRUCTION,PERKINS,404A-22,,,POK464,,OVERHAUL KIT ,POK464,1.0,Y,"GV, GN, NATURALLY ASPIRATED"
WEIDEMANN,2070 CX50LPT,LOADER,CONSTRUCTION,PERKINS,404A-22,,,POK464,,OVERHAUL KIT ,POK464,1.0,Y,"GV, GN, NATURALLY ASPIRATED"
WEIDEMANN,2080T,LOADER,CONSTRUCTION,PERKINS,404A-22,,,POK464,,OVERHAUL KIT ,POK464,1.0,Y,"GV, GN, NATURALLY ASPIRATED"
WEIDEMANN,3080LP,LOADER,CONSTRUCTION,PERKINS,404A-22,,,POK464,,OVERHAUL KIT ,POK464,1.0,Y,"GV, GN, NATURALLY ASPIRATED"
WEIDEMANN,3080LPT,LOADER,CONSTRUCTION,PERKINS,404A-22,,,POK464,,OVERHAUL KIT ,POK464,1.0,Y,"GV, GN, NATURALLY ASPIRATED"
WEIDEMANN,T5522,TELEHANDLER,CONSTRUCTION,PERKINS,404A-22,,,POK464,,OVERHAUL KIT ,POK464,1.0,Y,"GV, GN, NATURALLY ASPIRATED"
WEIDEMANN,1380,LOADER,CONSTRUCTION,PERKINS,404F-22,,,POK520,,OVERHAUL KIT ,POK520,1.0,Y,EN BUILD. NATURALY ASPIRATED
WEIDEMANN,2080,LOADER,CONSTRUCTION,PERKINS,404F-22,,,POK520,,OVERHAUL KIT ,POK520,1.0,Y,EN BUILD. NATURALY ASPIRATED
WEIDEMANN,1880 CAB,LOADER,CONSTRUCTION,PERKINS,404F-22,,,POK520,,OVERHAUL KIT ,POK520,1.0,Y,EN BUILD. NATURALY ASPIRATED
WEIDEMANN,1880 FSD,LOADER,CONSTRUCTION,PERKINS,404F-22,,,POK520,,OVERHAUL KIT ,POK520,1.0,Y,EN BUILD. NATURALY ASPIRATED
WEIDEMANN,2070 CX50LP,LOADER,CONSTRUCTION,PERKINS,404F-22,,,POK520,,OVERHAUL KIT ,POK520,1.0,Y,EN BUILD. NATURALY ASPIRATED
WEIDEMANN,2070 CX50LPT,LOADER,CONSTRUCTION,PERKINS,404F-22,,,POK520,,OVERHAUL KIT ,POK520,1.0,Y,EN BUILD. NATURALY ASPIRATED
WEIDEMANN,2080T,LOADER,CONSTRUCTION,PERKINS,404F-22,,,POK520,,OVERHAUL KIT ,POK520,1.0,Y,EN BUILD. NATURALY ASPIRATED
WEIDEMANN,3080LP,LOADER,CONSTRUCTION,PERKINS,404F-22,,,POK520,,OVERHAUL KIT ,POK520,1.0,Y,EN BUILD. NATURALY ASPIRATED
WEIDEMANN,3080LPT,LOADER,CONSTRUCTION,PERKINS,404F-22,,,POK520,,OVERHAUL KIT ,POK520,1.0,Y,EN BUILD. NATURALY ASPIRATED
WEIDEMANN,T5522,TELEHANDLER,CONSTRUCTION,PERKINS,404F-22,,,POK520,,OVERHAUL KIT ,POK520,1.0,Y,EN BUILD. NATURALY ASPIRATED
WEIDEMANN,1380,LOADER,CONSTRUCTION,PERKINS,404F-22T,,,POK522,,OVERHAUL KIT ,POK522,1.0,Y,"EP BUILD, TURBOCHARGED"
WEIDEMANN,2080,LOADER,CONSTRUCTION,PERKINS,404F-22T,,,POK522,,OVERHAUL KIT ,POK522,1.0,Y,"EP BUILD, TURBOCHARGED"
WEIDEMANN,1880 CAB,LOADER,CONSTRUCTION,PERKINS,404F-22T,,,POK522,,OVERHAUL KIT ,POK522,1.0,Y,"EP BUILD, TURBOCHARGED"
WEIDEMANN,1880 FSD,LOADER,CONSTRUCTION,PERKINS,404F-22T,,,POK522,,OVERHAUL KIT ,POK522,1.0,Y,"EP BUILD, TURBOCHARGED"
WEIDEMANN,2070 CX50LP,LOADER,CONSTRUCTION,PERKINS,404F-22T,,,POK522,,OVERHAUL KIT ,POK522,1.0,Y,"EP BUILD, TURBOCHARGED"
WEIDEMANN,2070 CX50LPT,LOADER,CONSTRUCTION,PERKINS,404F-22T,,,POK522,,OVERHAUL KIT ,POK522,1.0,Y,"EP BUILD, TURBOCHARGED"
WEIDEMANN,2080T,LOADER,CONSTRUCTION,PERKINS,404F-22T,,,POK522,,OVERHAUL KIT ,POK522,1.0,Y,"EP BUILD, TURBOCHARGED"
WEIDEMANN,3080LP,LOADER,CONSTRUCTION,PERKINS,404F-22T,,,POK522,,OVERHAUL KIT ,POK522,1.0,Y,"EP BUILD, TURBOCHARGED"
WEIDEMANN,3080LPT,LOADER,CONSTRUCTION,PERKINS,404F-22T,,,POK522,,OVERHAUL KIT ,POK522,1.0,Y,"EP BUILD, TURBOCHARGED"
WEIDEMANN,T5522,TELEHANDLER,CONSTRUCTION,PERKINS,404F-22T,,,POK522,,OVERHAUL KIT ,POK522,1.0,Y,"EP BUILD, TURBOCHARGED"
WHITE  ,2--85,  TRACTOR,AGRICULTURE,PERKINS,6.354.1,,,POK667,BUILD LIST  TG22453,OVERHAUL KIT ,POK667,1.0,Y,
WHITE  ,7600,  COMBINE,AGRICULTURE,PERKINS,6.354.2,,,POK668,BUILD LIST  TJ22189,OVERHAUL KIT ,POK668,1.0,Y,
WHITE  ,8600,  COMBINE,AGRICULTURE,PERKINS,6.354.4,,,POK672,BUILD LIST  TW70003,OVERHAUL KIT ,POK672,1.0,Y,
WHITE  ,8600,  COMBINE,AGRICULTURE,PERKINS,6.354.4,,,POK671,BUILD LIST  TW70114,OVERHAUL KIT ,POK671,1.0,Y,
WHITE  ,2--85,  TRACTOR,AGRICULTURE,PERKINS,6.354.4,,,POK673,BUILD LIST  TW70008,OVERHAUL KIT ,POK673,1.0,Y,
WHITE  ,2-105,  TRACTOR ,AGRICULTURE,PERKINS,T6.354.1,,,POK661,BUILD LIST  TH22282,OVERHAUL KIT ,POK661,1.0,Y,
WHITE  ,8800,  COMBINE,AGRICULTURE,PERKINS,T6.354.4,,,POK680,BUILD LIST  TU70001,OVERHAUL KIT ,POK680,1.0,Y,
WHITE  ,2-105,  TRACTOR,AGRICULTURE,PERKINS,T6.354.4,,,POK681,BUILD LIST  TU70018,OVERHAUL KIT ,POK681,1.0,Y,
WIRTGEN,W120F,COLD PLANER,CONSTRUCTION,CUMMINS,QSC 8.3,,,COK0319,,OVERHAUL KIT ,COK0319,1.0,Y,"QSC, 24 VALVE, LINER FLANGE 5.155"", LINER OAL 9.21"", PISTON # 2106, 3446"
WIRTGEN,W130F,COLD PLANER,CONSTRUCTION,CUMMINS,QSC 8.3,,,COK0319,,OVERHAUL KIT ,COK0319,1.0,Y,"QSC, 24 VALVE, LINER FLANGE 5.155"", LINER OAL 9.21"", PISTON # 2106, 3446"
YANAN,PE50-ER,GENERATOR,INDUSTRIAL,PERKINS,1104D-44TG1,,,PBK512,,OVERHAUL KIT ,PBK512,1.0,Y,"NJ, TURBO & AFTERCOOLED, 63.5MM ROD JOURNAL, PISTON # 3135M135"
YANAN,PE50-ER-E,GENERATOR,INDUSTRIAL,PERKINS,1104D-44TG1,,,PBK512,,OVERHAUL KIT ,PBK512,1.0,Y,"NJ, TURBO & AFTERCOOLED, 63.5MM ROD JOURNAL, PISTON # 3135M135"
YANAN,PE73-ER,GENSET,INDUSTRIAL,PERKINS,1104D-E44T,,,PBK509,,OVERHAUL KIT ,PBK509,1.0,Y,"NH, NJ, TURBO"
YANAN,PE73-ER-R,GENSET,INDUSTRIAL,PERKINS,1104D-E44T,,,PBK509,,OVERHAUL KIT ,PBK509,1.0,Y,"NH, NJ, TURBO"
YANAN,PE91-ER,GENSET,INDUSTRIAL,PERKINS,1104D-E44T,,,PBK509,,OVERHAUL KIT ,PBK509,1.0,Y,"NH, NJ, TURBO"
YANAN,PE91-ER-E,GENSET,INDUSTRIAL,PERKINS,1104D-E44T,,,PBK509,,OVERHAUL KIT ,PBK509,1.0,Y,"NH, NJ, TURBO"
YANAN,PE13-ER,GENERATOR,INDUSTRIAL,PERKINS,403D-15G,,,POK349,,OVERHAUL KIT ,POK349,1.0,Y,"GK, GU BUILD LISTS"
YANAN,PE13-ER-E,GENERATOR,INDUSTRIAL,PERKINS,403D-15G,,,POK349,,OVERHAUL KIT ,POK349,1.0,Y,"GK, GU BUILD LISTS"
YANAN,PE20-ER,GENERATOR,INDUSTRIAL,PERKINS,404D-22G,,,POK464,,OVERHAUL KIT ,POK464,1.0,Y,"GN, GV, NON-TURBO, 3 LAYER MLS HEAD GASKET"
YANAN,PE20-ER-E,GENERATOR,INDUSTRIAL,PERKINS,404D-22G,,,POK464,,OVERHAUL KIT ,POK464,1.0,Y,"GN, GV, NON-TURBO, 3 LAYER MLS HEAD GASKET"
YANAN,PE25-ER,GENERATOR,INDUSTRIAL,PERKINS,404D-22TG,,,POK466,,OVERHAUL KIT ,POK466,1.0,Y,"GP, TURBO, 3 LAYER MLS HEAD GASKET"
YANAN,PE25-ERE-E,GENERATOR,INDUSTRIAL,PERKINS,404D-22TG,,,POK466,,OVERHAUL KIT ,POK466,1.0,Y,"GP, TURBO, 3 LAYER MLS HEAD GASKET"
YANMAR,B37-2A,EXCAVATOR,CONSTRUCTION,YANMAR,3TNE88,,,YOK3TNE88,3TNE88-B1,OVERHAUL KIT ,YOK3TNE88,1.0,Y,
YANMAR,B37-2B,EXCAVATOR,CONSTRUCTION,YANMAR,3TNE88,,,YOK3TNE88,3TNE88-B1,OVERHAUL KIT ,YOK3TNE88,1.0,Y,
YANMAR,B37V,EXCAVATOR,CONSTRUCTION,YANMAR,3TNE88,,,YOK3TNE88,3TNE88-B1A,OVERHAUL KIT ,YOK3TNE88,1.0,Y,
YANMAR,B37V-1,EXCAVATOR,CONSTRUCTION,YANMAR,3TNE88,,,YOK3TNE88,3TNE88-B1A,OVERHAUL KIT ,YOK3TNE88,1.0,Y,
YANMAR,VIO40,EXCAVATOR,CONSTRUCTION,YANMAR,3TNE88,,,YOK3TNE88,3TNE88L-RBV,OVERHAUL KIT ,YOK3TNE88,1.0,Y,
YANMAR,VIO40-1,EXCAVATOR,CONSTRUCTION,YANMAR,3TNE88,,,YOK3TNE88,3TNE88-BVB,OVERHAUL KIT ,YOK3TNE88,1.0,Y,
YANMAR,VIO40-2,EXCAVATOR,CONSTRUCTION,YANMAR,3TNE88,,,YOK3TNE88,3TNE88-EVBC,OVERHAUL KIT ,YOK3TNE88,1.0,Y,
YANMAR,VIO45,EXCAVATOR,CONSTRUCTION,YANMAR,3TNE88,,,YOK3TNE88,3TNE88-EVBCA,OVERHAUL KIT ,YOK3TNE88,1.0,Y,
YANMAR,VIO30,EXCAVATOR,CONSTRUCTION,YANMAR,3TNV88,,,,3TNV88-ZSBV,CAM BEARING  ,Y129795-02412,1.0,Y,
YANMAR,VIO30,EXCAVATOR,CONSTRUCTION,YANMAR,3TNV88,,,,3TNV88-ZSBV,CAMSHAFT,Y129129-14580,1.0,Y,
YANMAR,VIO30,EXCAVATOR,CONSTRUCTION,YANMAR,3TNV88,,,,3TNV88-ZSBV,"CONNECTING ROD BEARING, .25MM",Y129150-23611,3.0,Y,"SOLD INDIVIDUALLY, USES 3 PER ENGINE"
YANMAR,VIO30,EXCAVATOR,CONSTRUCTION,YANMAR,3TNV88,,,,3TNV88-ZSBV,"CONNECTING ROD BEARING, STD",Y129150-23601,3.0,Y,"SOLD INDIVIDUALLY, USES 3 PER ENGINE"
YANMAR,VIO30,EXCAVATOR,CONSTRUCTION,YANMAR,3TNV88,,,,3TNV88-ZSBV,CRANKSHAFT,Y129001-21100,1.0,Y,FOR ENGINES THAT DO NOT USE A CRANK DRIVEN BALANCER UNIT
YANMAR,VIO30,EXCAVATOR,CONSTRUCTION,YANMAR,3TNV88,,,,3TNV88-ZSBV,CYLINDER REPAIR SLEEVE,88RS,3.0,Y,"STRAIGHT SLEEVE, UNFINISHED BORE"
YANMAR,VIO30,EXCAVATOR,CONSTRUCTION,YANMAR,3TNV88,,,,3TNV88-ZSBV,EXHAUST VALVE,Y129100-11130,3.0,Y,
YANMAR,VIO30,EXCAVATOR,CONSTRUCTION,YANMAR,3TNV88,,,,3TNV88-ZSBV,FRONT CRANK SEAL,Y129795-01800,1.0,Y,
YANMAR,VIO30,EXCAVATOR,CONSTRUCTION,YANMAR,3TNV88,,,,3TNV88-ZSBV,FUEL INJECTOR,Y729004-53101,3.0,Y,CHECK APPLICATION FOR PROPER USAGE
YANMAR,VIO30,EXCAVATOR,CONSTRUCTION,YANMAR,3TNV88,,,,3TNV88-ZSBV,FUEL TRANSFER PUMP,Y129612-52100,1.0,Y,
YANMAR,VIO30,EXCAVATOR,CONSTRUCTION,YANMAR,3TNV88,,,,3TNV88-ZSBV,FULL GASKET SET,YMGS3TNE88,1.0,Y,INCLUDES CRANK SEALS
YANMAR,VIO30,EXCAVATOR,CONSTRUCTION,YANMAR,3TNV88,,,,3TNV88-ZSBV,HEAD GASKET,Y129001-01340,1.0,Y,
YANMAR,VIO30,EXCAVATOR,CONSTRUCTION,YANMAR,3TNV88,,,,3TNV88-ZSBV,INTAKE VALVE,Y129005-11100,3.0,Y,
YANMAR,VIO30,EXCAVATOR,CONSTRUCTION,YANMAR,3TNV88,,,,3TNV88-ZSBV,LASH CAP,Y129150-11370,6.0,Y,
YANMAR,VIO30,EXCAVATOR,CONSTRUCTION,YANMAR,3TNV88,,,,3TNV88-ZSBV,LIQUID GASKET,Y977770-1207F,1.0,Y,
YANMAR,VIO30,EXCAVATOR,CONSTRUCTION,YANMAR,3TNV88,,,,3TNV88-ZSBV,"MAIN BEARING, .25MM",Y129150-02871,4.0,Y,"SOLD INDIVIDUALLY, USES 4 PER ENGINE"
YANMAR,VIO30,EXCAVATOR,CONSTRUCTION,YANMAR,3TNV88,,,,3TNV88-ZSBV,"MAIN BEARING, STD",Y129001-02931,4.0,Y,"SOLD INDIVIDUALLY, USES 4 PER ENGINE"
YANMAR,VIO30,EXCAVATOR,CONSTRUCTION,YANMAR,3TNV88,,,YOK3TNV88,3TNV88-ZSBV,OVERHAUL KIT,YOK3TNV88,1.0,Y,
YANMAR,VIO30,EXCAVATOR,CONSTRUCTION,YANMAR,3TNV88,,,YOK3TNV88/25,3TNV88-ZSBV,"OVERHAUL KIT, .25MM PISTONS",YOK3TNV88/25,1.0,Y,
YANMAR,VIO30,EXCAVATOR,CONSTRUCTION,YANMAR,3TNV88,,,,3TNV88-ZSBV,PIN BUSHING,Y129100-23910,3.0,Y,
YANMAR,VIO30,EXCAVATOR,CONSTRUCTION,YANMAR,3TNV88,,Y129005-22900,,3TNV88-ZSBV,"PISTON KIT, .25MM",Y129005-22900,3.0,Y,
YANMAR,VIO30,EXCAVATOR,CONSTRUCTION,YANMAR,3TNV88,,Y129005-22080,,3TNV88-ZSBV,"PISTON KIT, STD",Y129005-22080,3.0,Y,
YANMAR,VIO30,EXCAVATOR,CONSTRUCTION,YANMAR,3TNV88,,,,3TNV88-ZSBV,"PISTON RING SET, .25MM",Y129005-22950,3.0,Y,
YANMAR,VIO30,EXCAVATOR,CONSTRUCTION,YANMAR,3TNV88,,,,3TNV88-ZSBV,"PISTON RING SET, STD",Y129005-22500,3.0,Y,
YANMAR,VIO30,EXCAVATOR,CONSTRUCTION,YANMAR,3TNV88,,,,3TNV88-ZSBV,REAR CRANK SEAL,Y129795-01780,1.0,Y,
YANMAR,VIO30,EXCAVATOR,CONSTRUCTION,YANMAR,3TNV88,,,,3TNV88-ZSBV,THERMOSTAT,Y129155-49801,1.0,Y,
YANMAR,VIO30,EXCAVATOR,CONSTRUCTION,YANMAR,3TNV88,,,,3TNV88-ZSBV,THRUST WASHER SET,Y129150-02931,1.0,Y,SET CONTAINS 4 WASHERS
YANMAR,VIO30,EXCAVATOR,CONSTRUCTION,YANMAR,3TNV88,,,,3TNV88-ZSBV,"VALVE GUIDE, EXHAUST",Y129150-11810,3.0,Y,
YANMAR,VIO30,EXCAVATOR,CONSTRUCTION,YANMAR,3TNV88,,,,3TNV88-ZSBV,"VALVE GUIDE, INTAKE",Y120130-11860,3.0,Y,
YANMAR,VIO30,EXCAVATOR,CONSTRUCTION,YANMAR,3TNV88,,,,3TNV88-ZSBV,VALVE LIFTER,Y129150-14200,6.0,Y,
YANMAR,VIO30,EXCAVATOR,CONSTRUCTION,YANMAR,3TNV88,,,,3TNV88-ZSBV,"VALVE SEAL, EXHAUST",Y121400-11340,3.0,Y,
YANMAR,VIO30,EXCAVATOR,CONSTRUCTION,YANMAR,3TNV88,,,,3TNV88-ZSBV,"VALVE SEAL, INTAKE",Y124460-11340,3.0,Y,
YANMAR,VIO30,EXCAVATOR,CONSTRUCTION,YANMAR,3TNV88,,,,3TNV88-ZSBV,VALVE SPRING,Y129795-11120,6.0,Y,
YANMAR,VIO35,EXCAVATOR,CONSTRUCTION,YANMAR,3TNV88,,,,3TNV88-ZSBV,CAM BEARING  ,Y129795-02412,1.0,Y,
YANMAR,VIO35,EXCAVATOR,CONSTRUCTION,YANMAR,3TNV88,,,,3TNV88-ZSBV,CAMSHAFT,Y129129-14580,1.0,Y,
YANMAR,VIO35,EXCAVATOR,CONSTRUCTION,YANMAR,3TNV88,,,,3TNV88-ZSBV,"CONNECTING ROD BEARING, .25MM",Y129150-23611,3.0,Y,"SOLD INDIVIDUALLY, USES 3 PER ENGINE"
YANMAR,VIO35,EXCAVATOR,CONSTRUCTION,YANMAR,3TNV88,,,,3TNV88-ZSBV,"CONNECTING ROD BEARING, STD",Y129150-23601,3.0,Y,"SOLD INDIVIDUALLY, USES 3 PER ENGINE"
YANMAR,VIO35,EXCAVATOR,CONSTRUCTION,YANMAR,3TNV88,,,,3TNV88-ZSBV,CRANKSHAFT,Y129001-21100,1.0,Y,FOR ENGINES THAT DO NOT USE A CRANK DRIVEN BALANCER UNIT
YANMAR,VIO35,EXCAVATOR,CONSTRUCTION,YANMAR,3TNV88,,,,3TNV88-ZSBV,CYLINDER REPAIR SLEEVE,88RS,3.0,Y,"STRAIGHT SLEEVE, UNFINISHED BORE"
YANMAR,VIO35,EXCAVATOR,CONSTRUCTION,YANMAR,3TNV88,,,,3TNV88-ZSBV,EXHAUST VALVE,Y129100-11130,3.0,Y,
YANMAR,VIO35,EXCAVATOR,CONSTRUCTION,YANMAR,3TNV88,,,,3TNV88-ZSBV,FRONT CRANK SEAL,Y129795-01800,1.0,Y,
YANMAR,VIO35,EXCAVATOR,CONSTRUCTION,YANMAR,3TNV88,,,,3TNV88-ZSBV,FUEL INJECTOR,Y729004-53101,3.0,Y,CHECK APPLICATION FOR PROPER USAGE
YANMAR,VIO35,EXCAVATOR,CONSTRUCTION,YANMAR,3TNV88,,,,3TNV88-ZSBV,FUEL TRANSFER PUMP,Y129612-52100,1.0,Y,
YANMAR,VIO35,EXCAVATOR,CONSTRUCTION,YANMAR,3TNV88,,,,3TNV88-ZSBV,FULL GASKET SET,YMGS3TNE88,1.0,Y,INCLUDES CRANK SEALS
YANMAR,VIO35,EXCAVATOR,CONSTRUCTION,YANMAR,3TNV88,,,,3TNV88-ZSBV,HEAD GASKET,Y129001-01340,1.0,Y,
YANMAR,VIO35,EXCAVATOR,CONSTRUCTION,YANMAR,3TNV88,,,,3TNV88-ZSBV,INTAKE VALVE,Y129005-11100,3.0,Y,
YANMAR,VIO35,EXCAVATOR,CONSTRUCTION,YANMAR,3TNV88,,,,3TNV88-ZSBV,LASH CAP,Y129150-11370,6.0,Y,
YANMAR,VIO35,EXCAVATOR,CONSTRUCTION,YANMAR,3TNV88,,,,3TNV88-ZSBV,LIQUID GASKET,Y977770-1207F,1.0,Y,
YANMAR,VIO35,EXCAVATOR,CONSTRUCTION,YANMAR,3TNV88,,,,3TNV88-ZSBV,"MAIN BEARING, .25MM",Y129150-02871,4.0,Y,"SOLD INDIVIDUALLY, USES 4 PER ENGINE"
YANMAR,VIO35,EXCAVATOR,CONSTRUCTION,YANMAR,3TNV88,,,,3TNV88-ZSBV,"MAIN BEARING, STD",Y129001-02931,4.0,Y,"SOLD INDIVIDUALLY, USES 4 PER ENGINE"
YANMAR,VIO35,EXCAVATOR,CONSTRUCTION,YANMAR,3TNV88,,,YOK3TNV88,3TNV88-ZSBV,OVERHAUL KIT,YOK3TNV88,1.0,Y,
YANMAR,VIO35,EXCAVATOR,CONSTRUCTION,YANMAR,3TNV88,,,YOK3TNV88/25,3TNV88-ZSBV,"OVERHAUL KIT, .25MM PISTONS",YOK3TNV88/25,1.0,Y,
YANMAR,VIO35,EXCAVATOR,CONSTRUCTION,YANMAR,3TNV88,,,,3TNV88-ZSBV,PIN BUSHING,Y129100-23910,3.0,Y,
YANMAR,VIO35,EXCAVATOR,CONSTRUCTION,YANMAR,3TNV88,,Y129005-22900,,3TNV88-ZSBV,"PISTON KIT, .25MM",Y129005-22900,3.0,Y,
YANMAR,VIO35,EXCAVATOR,CONSTRUCTION,YANMAR,3TNV88,,Y129005-22080,,3TNV88-ZSBV,"PISTON KIT, STD",Y129005-22080,3.0,Y,
YANMAR,VIO35,EXCAVATOR,CONSTRUCTION,YANMAR,3TNV88,,,,3TNV88-ZSBV,"PISTON RING SET, .25MM",Y129005-22950,3.0,Y,
YANMAR,VIO35,EXCAVATOR,CONSTRUCTION,YANMAR,3TNV88,,,,3TNV88-ZSBV,"PISTON RING SET, STD",Y129005-22500,3.0,Y,
YANMAR,VIO35,EXCAVATOR,CONSTRUCTION,YANMAR,3TNV88,,,,3TNV88-ZSBV,REAR CRANK SEAL,Y129795-01780,1.0,Y,
YANMAR,VIO35,EXCAVATOR,CONSTRUCTION,YANMAR,3TNV88,,,,3TNV88-ZSBV,THERMOSTAT,Y129155-49801,1.0,Y,
YANMAR,VIO35,EXCAVATOR,CONSTRUCTION,YANMAR,3TNV88,,,,3TNV88-ZSBV,THRUST WASHER SET,Y129150-02931,1.0,Y,SET CONTAINS 4 WASHERS
YANMAR,VIO35,EXCAVATOR,CONSTRUCTION,YANMAR,3TNV88,,,,3TNV88-ZSBV,"VALVE GUIDE, EXHAUST",Y129150-11810,3.0,Y,
YANMAR,VIO35,EXCAVATOR,CONSTRUCTION,YANMAR,3TNV88,,,,3TNV88-ZSBV,"VALVE GUIDE, INTAKE",Y120130-11860,3.0,Y,
YANMAR,VIO35,EXCAVATOR,CONSTRUCTION,YANMAR,3TNV88,,,,3TNV88-ZSBV,VALVE LIFTER,Y129150-14200,6.0,Y,
YANMAR,VIO35,EXCAVATOR,CONSTRUCTION,YANMAR,3TNV88,,,,3TNV88-ZSBV,"VALVE SEAL, EXHAUST",Y121400-11340,3.0,Y,
YANMAR,VIO35,EXCAVATOR,CONSTRUCTION,YANMAR,3TNV88,,,,3TNV88-ZSBV,"VALVE SEAL, INTAKE",Y124460-11340,3.0,Y,
YANMAR,VIO35,EXCAVATOR,CONSTRUCTION,YANMAR,3TNV88,,,,3TNV88-ZSBV,VALVE SPRING,Y129795-11120,6.0,Y,
YANMAR,B50-2A,EXCAVATOR,CONSTRUCTION,YANMAR,4TNE88,,,YOK4TNE88,4TNE88-B1,OVERHAUL KIT ,YOK4TNE88,1.0,Y,
YANMAR,B50-2B,EXCAVATOR,CONSTRUCTION,YANMAR,4TNE88,,,YOK4TNE88,4TNE88-B1,OVERHAUL KIT ,YOK4TNE88,1.0,Y,
YANMAR,B6-3,EXCAVATOR,CONSTRUCTION,YANMAR,4TNE88,,,YOK4TNE88,4TNE88-BX,OVERHAUL KIT ,YOK4TNE88,1.0,Y,
YANMAR,B6U,EXCAVATOR,CONSTRUCTION,YANMAR,4TNE88,,,YOK4TNE88,4TNE88-3BY,OVERHAUL KIT ,YOK4TNE88,1.0,Y,
YANMAR,B6U-1,EXCAVATOR,CONSTRUCTION,YANMAR,4TNE88,,,YOK4TNE88,4TNE88-3BY,OVERHAUL KIT ,YOK4TNE88,1.0,Y,
YANMAR,VIO50,EXCAVATOR,CONSTRUCTION,YANMAR,4TNE88,,,YOK4TNE88,4TNE88L-RBV,OVERHAUL KIT ,YOK4TNE88,1.0,Y,
YANMAR,VIO50-1,EXCAVATOR,CONSTRUCTION,YANMAR,4TNE88,,,YOK4TNE88,4TNE88-BVA,OVERHAUL KIT ,YOK4TNE88,1.0,Y,
YANMAR,VIO50-2,EXCAVATOR,CONSTRUCTION,YANMAR,4TNE88,,,YOK4TNE88,4TNE88-EBVC,OVERHAUL KIT ,YOK4TNE88,1.0,Y,
YANMAR,VIO55,EXCAVATOR,CONSTRUCTION,YANMAR,4TNE88,,,YOK4TNE88,4TNE88-EBVCA,OVERHAUL KIT ,YOK4TNE88,1.0,Y,
YANMAR,B55W,EXCAVATOR,CONSTRUCTION,YANMAR,4TNE94,,,YOK4TNE94,4TNE94-DBW,OVERHAUL KIT ,YOK4TNE94,1.0,Y,
YANMAR,B7-5,EXCAVATOR,CONSTRUCTION,YANMAR,4TNE98,,,YOK4TNE88,4TNE98-EBVA,OVERHAUL KIT ,YOK4TNE88,1.0,Y,
YANMAR,VIO70,EXCAVATOR,CONSTRUCTION,YANMAR,4TNE98,,,YOK4TNE98D,4TNE98-BV,OVERHAUL KIT ,YOK4TNE98D,1.0,Y,
YANMAR,VIO70-2,EXCAVATOR,CONSTRUCTION,YANMAR,4TNE98,,,YOK4TNE98D,4TNE98-EBVA,OVERHAUL KIT ,YOK4TNE98D,1.0,Y,
YANMAR,VIO75,EXCAVATOR,CONSTRUCTION,YANMAR,4TNE98,,,YOK4TNE98D,4TNE98-EBVA,OVERHAUL KIT ,YOK4TNE98D,1.0,Y,
YANMAR,B55W-1,EXCAVATOR,CONSTRUCTION,YANMAR,4TNV94,,,YOK4TNV94,4TNV94L-PDBWE,OVERHAUL KIT ,YOK4TNV94,1.0,Y,
YANMAR,B7-5A,EXCAVATOR,CONSTRUCTION,YANMAR,4TNV98,,,YOK4TNV98D,4TNV98-XBV,OVERHAUL KIT ,YOK4TNV98D,1.0,Y,
YANMAR,B7-6,EXCAVATOR,CONSTRUCTION,YANMAR,4TNV98C,,,YOK4TNV98C,,OVERHAUL KIT ,YOK4TNV98C,1.0,Y,NON-TURBO COMMON RAIL INJECTION
YANMAR,S190R-1,SKIDSTEER,CONSTRUCTION,YANMAR,4TNV98C,,,YOK4TNV98C,,OVERHAUL KIT ,YOK4TNV98C,1.0,Y,NON-TURBO COMMON RAIL INJECTION
YANMAR,SSV1091FSC,SPRAYER,AGRICULTURE,YANMAR,4TNV98C,,,YOK4TNV98C,,OVERHAUL KIT ,YOK4TNV98C,1.0,Y,NON-TURBO COMMON RAIL INJECTION
YANMAR,VIO80-1,EXCAVATOR,CONSTRUCTION,YANMAR,4TNV98C,,,YOK4TNV98C,,OVERHAUL KIT ,YOK4TNV98C,1.0,Y,NON-TURBO COMMON RAIL INJECTION
YANMAR,YH460,COMBINE,AGRICULTURE,YANMAR,4TNV98C,,,YOK4TNV98C,,OVERHAUL KIT ,YOK4TNV98C,1.0,Y,NON-TURBO COMMON RAIL INJECTION
YANMAR,YH470,COMBINE,AGRICULTURE,YANMAR,4TNV98C,,,YOK4TNV98C,,OVERHAUL KIT ,YOK4TNV98C,1.0,Y,NON-TURBO COMMON RAIL INJECTION
YANMAR,YH570,COMBINE,AGRICULTURE,YANMAR,4TNV98C,,,YOK4TNV98C,,OVERHAUL KIT ,YOK4TNV98C,1.0,Y,NON-TURBO COMMON RAIL INJECTION
YANMAR,S220R-1,SKIDSTEER,CONSTRUCTION,YANMAR,4TNV98CT,,,YOK4TNV98CT,,OVERHAUL KIT ,YOK4TNV98CT,1.0,Y, TURBO COMMON RAIL INJECTION
YANMAR,SV100-2,EXCAVATOR,CONSTRUCTION,YANMAR,4TNV98CT,,,YOK4TNV98CT,,OVERHAUL KIT ,YOK4TNV98CT,1.0,Y, TURBO COMMON RAIL INJECTION
